"fd_240_1.jpg","fd_240_2.jpg"
"fd_024_1.jpg","fd_024_2.jpg"
"fd_220_1.jpg","fd_220_2.jpg"
"fd_092_1.jpg","fd_092_2.jpg"
"fd_155_1.jpg","fd_155_2.jpg"
"fd_124_1.jpg","fd_124_2.jpg"
"fd_031_1.jpg","fd_031_2.jpg"
"fd_162_1.jpg","fd_162_2.jpg"
"fd_163_1.jpg","fd_163_2.jpg"
"fd_008_1.jpg","fd_008_2.jpg"
"fd_042_1.jpg","fd_042_2.jpg"
"fd_153_1.jpg","fd_153_2.jpg"
"fd_159_1.jpg","fd_159_2.jpg"
"fd_208_1.jpg","fd_208_2.jpg"
"fd_152_1.jpg","fd_152_2.jpg"
"fd_242_1.jpg","fd_242_2.jpg"
"fd_193_1.jpg","fd_193_2.jpg"
"fd_120_1.jpg","fd_120_2.jpg"
"fd_166_1.jpg","fd_166_2.jpg"
"fd_021_1.jpg","fd_021_2.jpg"
"fd_118_1.jpg","fd_118_2.jpg"
"fd_099_1.jpg","fd_099_2.jpg"
"fd_194_1.jpg","fd_194_2.jpg"
"fd_171_1.jpg","fd_171_2.jpg"
"fd_158_1.jpg","fd_158_2.jpg"
"fd_207_1.jpg","fd_207_2.jpg"
"fd_181_1.jpg","fd_181_2.jpg"
"fd_145_1.jpg","fd_145_2.jpg"
"fd_091_1.jpg","fd_091_2.jpg"
"fd_221_1.jpg","fd_221_2.jpg"
"fd_025_1.jpg","fd_025_2.jpg"
"fd_055_1.jpg","fd_055_2.jpg"
"fd_175_1.jpg","fd_175_2.jpg"
"fd_229_1.jpg","fd_229_2.jpg"
"fd_213_1.jpg","fd_213_2.jpg"
"fd_228_1.jpg","fd_228_2.jpg"
"fd_199_1.jpg","fd_199_2.jpg"
"fd_085_1.jpg","fd_085_2.jpg"
"fd_198_1.jpg","fd_198_2.jpg"
"fd_015_1.jpg","fd_015_2.jpg"
"fd_050_1.jpg","fd_050_2.jpg"
"fd_164_1.jpg","fd_164_2.jpg"
"fd_196_1.jpg","fd_196_2.jpg"
"fd_230_1.jpg","fd_230_2.jpg"
"fd_051_1.jpg","fd_051_2.jpg"
"fd_027_1.jpg","fd_027_2.jpg"
"fd_248_1.jpg","fd_248_2.jpg"
"fd_030_1.jpg","fd_030_2.jpg"
"fd_094_1.jpg","fd_094_2.jpg"
"fd_039_1.jpg","fd_039_2.jpg"
"fd_166_1.jpg","fd_240_2.jpg"
"fd_118_1.jpg","fd_085_2.jpg"
"fd_015_1.jpg","fd_027_2.jpg"
"fd_196_1.jpg","fd_166_2.jpg"
"fd_055_1.jpg","fd_199_2.jpg"
"fd_008_1.jpg","fd_027_2.jpg"
"fd_091_1.jpg","fd_055_2.jpg"
"fd_153_1.jpg","fd_145_2.jpg"
"fd_248_1.jpg","fd_193_2.jpg"
"fd_175_1.jpg","fd_021_2.jpg"
"fd_055_1.jpg","fd_213_2.jpg"
"fd_175_1.jpg","fd_164_2.jpg"
"fd_166_1.jpg","fd_099_2.jpg"
"fd_228_1.jpg","fd_207_2.jpg"
"fd_198_1.jpg","fd_158_2.jpg"
"fd_008_1.jpg","fd_228_2.jpg"
"fd_039_1.jpg","fd_050_2.jpg"
"fd_228_1.jpg","fd_158_2.jpg"
"fd_124_1.jpg","fd_229_2.jpg"
"fd_166_1.jpg","fd_162_2.jpg"
"fd_091_1.jpg","fd_164_2.jpg"
"fd_229_1.jpg","fd_039_2.jpg"
"fd_094_1.jpg","fd_220_2.jpg"
"fd_166_1.jpg","fd_145_2.jpg"
"fd_208_1.jpg","fd_221_2.jpg"
"fd_220_1.jpg","fd_091_2.jpg"
"fd_228_1.jpg","fd_094_2.jpg"
"fd_099_1.jpg","fd_055_2.jpg"
"fd_050_1.jpg","fd_155_2.jpg"
"fd_025_1.jpg","fd_159_2.jpg"
"fd_230_1.jpg","fd_207_2.jpg"
"fd_199_1.jpg","fd_099_2.jpg"
"fd_094_1.jpg","fd_092_2.jpg"
"fd_145_1.jpg","fd_152_2.jpg"
"fd_196_1.jpg","fd_193_2.jpg"
"fd_213_1.jpg","fd_220_2.jpg"
"fd_120_1.jpg","fd_158_2.jpg"
"fd_099_1.jpg","fd_091_2.jpg"
"fd_025_1.jpg","fd_124_2.jpg"
"fd_051_1.jpg","fd_085_2.jpg"
"fd_229_1.jpg","fd_042_2.jpg"
"fd_208_1.jpg","fd_055_2.jpg"
"fd_181_1.jpg","fd_220_2.jpg"
"fd_155_1.jpg","fd_208_2.jpg"
"fd_118_1.jpg","fd_171_2.jpg"
"fd_027_1.jpg","fd_221_2.jpg"
"fd_193_1.jpg","fd_171_2.jpg"
"fd_221_1.jpg","fd_163_2.jpg"
"fd_164_1.jpg","fd_030_2.jpg"
"fd_221_1.jpg","fd_024_2.jpg"
"fd_026_1.jpg","fd_026_2.jpg"
"fd_146_1.jpg","fd_146_2.jpg"
"fd_111_1.jpg","fd_111_2.jpg"
"fd_142_1.jpg","fd_142_2.jpg"
"fd_131_1.jpg","fd_131_2.jpg"
"fd_106_1.jpg","fd_106_2.jpg"
"fd_002_1.jpg","fd_002_2.jpg"
"fd_191_1.jpg","fd_191_2.jpg"
"fd_188_1.jpg","fd_188_2.jpg"
"fd_215_1.jpg","fd_215_2.jpg"
"fd_192_1.jpg","fd_192_2.jpg"
"fd_088_1.jpg","fd_088_2.jpg"
"fd_186_1.jpg","fd_186_2.jpg"
"fd_212_1.jpg","fd_212_2.jpg"
"fd_138_1.jpg","fd_138_2.jpg"
"fd_087_1.jpg","fd_087_2.jpg"
"fd_029_1.jpg","fd_029_2.jpg"
"fd_185_1.jpg","fd_185_2.jpg"
"fd_097_1.jpg","fd_097_2.jpg"
"fd_068_1.jpg","fd_068_2.jpg"
"fd_241_1.jpg","fd_241_2.jpg"
"fd_095_1.jpg","fd_095_2.jpg"
"fd_053_1.jpg","fd_053_2.jpg"
"fd_049_1.jpg","fd_049_2.jpg"
"fd_122_1.jpg","fd_122_2.jpg"
"fd_072_1.jpg","fd_072_2.jpg"
"fd_154_1.jpg","fd_154_2.jpg"
"fd_203_1.jpg","fd_203_2.jpg"
"fd_133_1.jpg","fd_133_2.jpg"
"fd_104_1.jpg","fd_104_2.jpg"
"fd_202_1.jpg","fd_202_2.jpg"
"fd_069_1.jpg","fd_069_2.jpg"
"fd_067_1.jpg","fd_067_2.jpg"
"fd_227_1.jpg","fd_227_2.jpg"
"fd_022_1.jpg","fd_022_2.jpg"
"fd_174_1.jpg","fd_174_2.jpg"
"fd_204_1.jpg","fd_204_2.jpg"
"fd_167_1.jpg","fd_167_2.jpg"
"fd_075_1.jpg","fd_075_2.jpg"
"fd_149_1.jpg","fd_149_2.jpg"
"fd_057_1.jpg","fd_057_2.jpg"
"fd_044_1.jpg","fd_044_2.jpg"
"fd_112_1.jpg","fd_112_2.jpg"
"fd_156_1.jpg","fd_156_2.jpg"
"fd_205_1.jpg","fd_205_2.jpg"
"fd_247_1.jpg","fd_247_2.jpg"
"fd_016_1.jpg","fd_016_2.jpg"
"fd_019_1.jpg","fd_019_2.jpg"
"fd_136_1.jpg","fd_136_2.jpg"
"fd_238_1.jpg","fd_238_2.jpg"
"fd_057_1.jpg","fd_202_2.jpg"
"fd_174_1.jpg","fd_131_2.jpg"
"fd_095_1.jpg","fd_097_2.jpg"
"fd_188_1.jpg","fd_044_2.jpg"
"fd_044_1.jpg","fd_053_2.jpg"
"fd_019_1.jpg","fd_191_2.jpg"
"fd_156_1.jpg","fd_075_2.jpg"
"fd_053_1.jpg","fd_069_2.jpg"
"fd_019_1.jpg","fd_067_2.jpg"
"fd_186_1.jpg","fd_185_2.jpg"
"fd_215_1.jpg","fd_122_2.jpg"
"fd_241_1.jpg","fd_049_2.jpg"
"fd_202_1.jpg","fd_142_2.jpg"
"fd_087_1.jpg","fd_202_2.jpg"
"fd_188_1.jpg","fd_069_2.jpg"
"fd_186_1.jpg","fd_104_2.jpg"
"fd_203_1.jpg","fd_019_2.jpg"
"fd_185_1.jpg","fd_241_2.jpg"
"fd_087_1.jpg","fd_241_2.jpg"
"fd_138_1.jpg","fd_068_2.jpg"
"fd_072_1.jpg","fd_204_2.jpg"
"fd_087_1.jpg","fd_106_2.jpg"
"fd_026_1.jpg","fd_227_2.jpg"
"fd_204_1.jpg","fd_138_2.jpg"
"fd_212_1.jpg","fd_174_2.jpg"
"fd_149_1.jpg","fd_238_2.jpg"
"fd_049_1.jpg","fd_247_2.jpg"
"fd_053_1.jpg","fd_057_2.jpg"
"fd_044_1.jpg","fd_188_2.jpg"
"fd_068_1.jpg","fd_154_2.jpg"
"fd_174_1.jpg","fd_133_2.jpg"
"fd_131_1.jpg","fd_053_2.jpg"
"fd_097_1.jpg","fd_087_2.jpg"
"fd_112_1.jpg","fd_167_2.jpg"
"fd_019_1.jpg","fd_203_2.jpg"
"fd_026_1.jpg","fd_104_2.jpg"
"fd_057_1.jpg","fd_136_2.jpg"
"fd_088_1.jpg","fd_174_2.jpg"
"fd_154_1.jpg","fd_016_2.jpg"
"fd_174_1.jpg","fd_088_2.jpg"
"fd_053_1.jpg","fd_188_2.jpg"
"fd_136_1.jpg","fd_185_2.jpg"
"fd_111_1.jpg","fd_167_2.jpg"
"fd_205_1.jpg","fd_138_2.jpg"
"fd_186_1.jpg","fd_016_2.jpg"
"fd_002_1.jpg","fd_019_2.jpg"
"fd_174_1.jpg","fd_112_2.jpg"
"fd_192_1.jpg","fd_053_2.jpg"
"fd_131_1.jpg","fd_112_2.jpg"
"fd_133_1.jpg","fd_087_2.jpg"
"fd_121_1.jpg","fd_121_2.jpg"
"fd_036_1.jpg","fd_036_2.jpg"
"fd_231_1.jpg","fd_231_2.jpg"
"fd_102_1.jpg","fd_102_2.jpg"
"fd_048_1.jpg","fd_048_2.jpg"
"fd_223_1.jpg","fd_223_2.jpg"
"fd_105_1.jpg","fd_105_2.jpg"
"fd_129_1.jpg","fd_129_2.jpg"
"fd_201_1.jpg","fd_201_2.jpg"
"fd_139_1.jpg","fd_139_2.jpg"
"fd_173_1.jpg","fd_173_2.jpg"
"fd_010_1.jpg","fd_010_2.jpg"
"fd_078_1.jpg","fd_078_2.jpg"
"fd_033_1.jpg","fd_033_2.jpg"
"fd_237_1.jpg","fd_237_2.jpg"
"fd_182_1.jpg","fd_182_2.jpg"
"fd_151_1.jpg","fd_151_2.jpg"
"fd_172_1.jpg","fd_172_2.jpg"
"fd_007_1.jpg","fd_007_2.jpg"
"fd_236_1.jpg","fd_236_2.jpg"
"fd_209_1.jpg","fd_209_2.jpg"
"fd_235_1.jpg","fd_235_2.jpg"
"fd_115_1.jpg","fd_115_2.jpg"
"fd_035_1.jpg","fd_035_2.jpg"
"fd_098_1.jpg","fd_098_2.jpg"
"fd_179_1.jpg","fd_179_2.jpg"
"fd_004_1.jpg","fd_004_2.jpg"
"fd_233_1.jpg","fd_233_2.jpg"
"fd_061_1.jpg","fd_061_2.jpg"
"fd_130_1.jpg","fd_130_2.jpg"
"fd_046_1.jpg","fd_046_2.jpg"
"fd_103_1.jpg","fd_103_2.jpg"
"fd_083_1.jpg","fd_083_2.jpg"
"fd_038_1.jpg","fd_038_2.jpg"
"fd_109_1.jpg","fd_109_2.jpg"
"fd_070_1.jpg","fd_070_2.jpg"
"fd_054_1.jpg","fd_054_2.jpg"
"fd_077_1.jpg","fd_077_2.jpg"
"fd_246_1.jpg","fd_246_2.jpg"
"fd_180_1.jpg","fd_180_2.jpg"
"fd_116_1.jpg","fd_116_2.jpg"
"fd_074_1.jpg","fd_074_2.jpg"
"fd_150_1.jpg","fd_150_2.jpg"
"fd_107_1.jpg","fd_107_2.jpg"
"fd_101_1.jpg","fd_101_2.jpg"
"fd_165_1.jpg","fd_165_2.jpg"
"fd_206_1.jpg","fd_206_2.jpg"
"fd_060_1.jpg","fd_060_2.jpg"
"fd_119_1.jpg","fd_119_2.jpg"
"fd_028_1.jpg","fd_028_2.jpg"
"fd_007_1.jpg","fd_107_2.jpg"
"fd_007_1.jpg","fd_102_2.jpg"
"fd_139_1.jpg","fd_231_2.jpg"
"fd_061_1.jpg","fd_105_2.jpg"
"fd_004_1.jpg","fd_223_2.jpg"
"fd_246_1.jpg","fd_007_2.jpg"
"fd_074_1.jpg","fd_231_2.jpg"
"fd_130_1.jpg","fd_060_2.jpg"
"fd_237_1.jpg","fd_101_2.jpg"
"fd_010_1.jpg","fd_206_2.jpg"
"fd_102_1.jpg","fd_033_2.jpg"
"fd_028_1.jpg","fd_173_2.jpg"
"fd_098_1.jpg","fd_237_2.jpg"
"fd_038_1.jpg","fd_060_2.jpg"
"fd_246_1.jpg","fd_038_2.jpg"
"fd_121_1.jpg","fd_237_2.jpg"
"fd_116_1.jpg","fd_028_2.jpg"
"fd_121_1.jpg","fd_116_2.jpg"
"fd_103_1.jpg","fd_061_2.jpg"
"fd_078_1.jpg","fd_074_2.jpg"
"fd_033_1.jpg","fd_077_2.jpg"
"fd_083_1.jpg","fd_173_2.jpg"
"fd_083_1.jpg","fd_139_2.jpg"
"fd_103_1.jpg","fd_201_2.jpg"
"fd_004_1.jpg","fd_103_2.jpg"
"fd_107_1.jpg","fd_121_2.jpg"
"fd_182_1.jpg","fd_246_2.jpg"
"fd_182_1.jpg","fd_206_2.jpg"
"fd_038_1.jpg","fd_102_2.jpg"
"fd_102_1.jpg","fd_121_2.jpg"
"fd_010_1.jpg","fd_179_2.jpg"
"fd_115_1.jpg","fd_070_2.jpg"
"fd_130_1.jpg","fd_179_2.jpg"
"fd_102_1.jpg","fd_139_2.jpg"
"fd_007_1.jpg","fd_033_2.jpg"
"fd_246_1.jpg","fd_182_2.jpg"
"fd_103_1.jpg","fd_028_2.jpg"
"fd_179_1.jpg","fd_060_2.jpg"
"fd_074_1.jpg","fd_165_2.jpg"
"fd_223_1.jpg","fd_116_2.jpg"
"fd_165_1.jpg","fd_129_2.jpg"
"fd_105_1.jpg","fd_246_2.jpg"
"fd_054_1.jpg","fd_083_2.jpg"
"fd_077_1.jpg","fd_038_2.jpg"
"fd_101_1.jpg","fd_033_2.jpg"
"fd_209_1.jpg","fd_173_2.jpg"
"fd_036_1.jpg","fd_048_2.jpg"
"fd_150_1.jpg","fd_172_2.jpg"
"fd_035_1.jpg","fd_165_2.jpg"
"fd_010_1.jpg","fd_107_2.jpg"
"fd_003_1.jpg","fd_003_2.jpg"
"fd_147_1.jpg","fd_147_2.jpg"
"fd_161_1.jpg","fd_161_2.jpg"
"fd_160_1.jpg","fd_160_2.jpg"
"fd_011_1.jpg","fd_011_2.jpg"
"fd_080_1.jpg","fd_080_2.jpg"
"fd_249_1.jpg","fd_249_2.jpg"
"fd_144_1.jpg","fd_144_2.jpg"
"fd_148_1.jpg","fd_148_2.jpg"
"fd_168_1.jpg","fd_168_2.jpg"
"fd_110_1.jpg","fd_110_2.jpg"
"fd_195_1.jpg","fd_195_2.jpg"
"fd_132_1.jpg","fd_132_2.jpg"
"fd_064_1.jpg","fd_064_2.jpg"
"fd_216_1.jpg","fd_216_2.jpg"
"fd_244_1.jpg","fd_244_2.jpg"
"fd_066_1.jpg","fd_066_2.jpg"
"fd_096_1.jpg","fd_096_2.jpg"
"fd_218_1.jpg","fd_218_2.jpg"
"fd_040_1.jpg","fd_040_2.jpg"
"fd_176_1.jpg","fd_176_2.jpg"
"fd_114_1.jpg","fd_114_2.jpg"
"fd_043_1.jpg","fd_043_2.jpg"
"fd_052_1.jpg","fd_052_2.jpg"
"fd_157_1.jpg","fd_157_2.jpg"
"fd_141_1.jpg","fd_141_2.jpg"
"fd_226_1.jpg","fd_226_2.jpg"
"fd_170_1.jpg","fd_170_2.jpg"
"fd_243_1.jpg","fd_243_2.jpg"
"fd_079_1.jpg","fd_079_2.jpg"
"fd_056_1.jpg","fd_056_2.jpg"
"fd_177_1.jpg","fd_177_2.jpg"
"fd_076_1.jpg","fd_076_2.jpg"
"fd_047_1.jpg","fd_047_2.jpg"
"fd_183_1.jpg","fd_183_2.jpg"
"fd_169_1.jpg","fd_169_2.jpg"
"fd_135_1.jpg","fd_135_2.jpg"
"fd_071_1.jpg","fd_071_2.jpg"
"fd_178_1.jpg","fd_178_2.jpg"
"fd_250_1.jpg","fd_250_2.jpg"
"fd_225_1.jpg","fd_225_2.jpg"
"fd_090_1.jpg","fd_090_2.jpg"
"fd_014_1.jpg","fd_014_2.jpg"
"fd_137_1.jpg","fd_137_2.jpg"
"fd_032_1.jpg","fd_032_2.jpg"
"fd_108_1.jpg","fd_108_2.jpg"
"fd_006_1.jpg","fd_006_2.jpg"
"fd_125_1.jpg","fd_125_2.jpg"
"fd_113_1.jpg","fd_113_2.jpg"
"fd_128_1.jpg","fd_128_2.jpg"
"fd_076_1.jpg","fd_032_2.jpg"
"fd_157_1.jpg","fd_128_2.jpg"
"fd_218_1.jpg","fd_226_2.jpg"
"fd_168_1.jpg","fd_141_2.jpg"
"fd_114_1.jpg","fd_047_2.jpg"
"fd_047_1.jpg","fd_125_2.jpg"
"fd_168_1.jpg","fd_080_2.jpg"
"fd_243_1.jpg","fd_113_2.jpg"
"fd_147_1.jpg","fd_137_2.jpg"
"fd_147_1.jpg","fd_141_2.jpg"
"fd_168_1.jpg","fd_169_2.jpg"
"fd_132_1.jpg","fd_006_2.jpg"
"fd_249_1.jpg","fd_226_2.jpg"
"fd_032_1.jpg","fd_125_2.jpg"
"fd_066_1.jpg","fd_114_2.jpg"
"fd_052_1.jpg","fd_144_2.jpg"
"fd_249_1.jpg","fd_226_2.jpg"
"fd_135_1.jpg","fd_040_2.jpg"
"fd_096_1.jpg","fd_216_2.jpg"
"fd_137_1.jpg","fd_177_2.jpg"
"fd_132_1.jpg","fd_113_2.jpg"
"fd_076_1.jpg","fd_195_2.jpg"
"fd_249_1.jpg","fd_147_2.jpg"
"fd_064_1.jpg","fd_080_2.jpg"
"fd_160_1.jpg","fd_014_2.jpg"
"fd_168_1.jpg","fd_147_2.jpg"
"fd_135_1.jpg","fd_226_2.jpg"
"fd_064_1.jpg","fd_218_2.jpg"
"fd_003_1.jpg","fd_032_2.jpg"
"fd_137_1.jpg","fd_132_2.jpg"
"fd_243_1.jpg","fd_144_2.jpg"
"fd_079_1.jpg","fd_066_2.jpg"
"fd_076_1.jpg","fd_137_2.jpg"
"fd_243_1.jpg","fd_128_2.jpg"
"fd_250_1.jpg","fd_144_2.jpg"
"fd_090_1.jpg","fd_168_2.jpg"
"fd_178_1.jpg","fd_218_2.jpg"
"fd_056_1.jpg","fd_148_2.jpg"
"fd_003_1.jpg","fd_250_2.jpg"
"fd_141_1.jpg","fd_110_2.jpg"
"fd_161_1.jpg","fd_125_2.jpg"
"fd_144_1.jpg","fd_040_2.jpg"
"fd_244_1.jpg","fd_148_2.jpg"
"fd_032_1.jpg","fd_066_2.jpg"
"fd_135_1.jpg","fd_176_2.jpg"
"fd_040_1.jpg","fd_141_2.jpg"
"fd_148_1.jpg","fd_226_2.jpg"
"fd_076_1.jpg","fd_003_2.jpg"
"fd_183_1.jpg","fd_052_2.jpg"
"fd_011_1.jpg","fd_090_2.jpg"
"fd_012_1.jpg","fd_012_2.jpg"
"fd_117_1.jpg","fd_117_2.jpg"
"fd_081_1.jpg","fd_081_2.jpg"
"fd_189_1.jpg","fd_189_2.jpg"
"fd_023_1.jpg","fd_023_2.jpg"
"fd_234_1.jpg","fd_234_2.jpg"
"fd_065_1.jpg","fd_065_2.jpg"
"fd_222_1.jpg","fd_222_2.jpg"
"fd_009_1.jpg","fd_009_2.jpg"
"fd_063_1.jpg","fd_063_2.jpg"
"fd_045_1.jpg","fd_045_2.jpg"
"fd_041_1.jpg","fd_041_2.jpg"
"fd_073_1.jpg","fd_073_2.jpg"
"fd_143_1.jpg","fd_143_2.jpg"
"fd_197_1.jpg","fd_197_2.jpg"
"fd_037_1.jpg","fd_037_2.jpg"
"fd_059_1.jpg","fd_059_2.jpg"
"fd_232_1.jpg","fd_232_2.jpg"
"fd_058_1.jpg","fd_058_2.jpg"
"fd_187_1.jpg","fd_187_2.jpg"
"fd_210_1.jpg","fd_210_2.jpg"
"fd_219_1.jpg","fd_219_2.jpg"
"fd_214_1.jpg","fd_214_2.jpg"
"fd_123_1.jpg","fd_123_2.jpg"
"fd_089_1.jpg","fd_089_2.jpg"
"fd_084_1.jpg","fd_084_2.jpg"
"fd_224_1.jpg","fd_224_2.jpg"
"fd_005_1.jpg","fd_005_2.jpg"
"fd_184_1.jpg","fd_184_2.jpg"
"fd_020_1.jpg","fd_020_2.jpg"
"fd_093_1.jpg","fd_093_2.jpg"
"fd_062_1.jpg","fd_062_2.jpg"
"fd_239_1.jpg","fd_239_2.jpg"
"fd_190_1.jpg","fd_190_2.jpg"
"fd_018_1.jpg","fd_018_2.jpg"
"fd_013_1.jpg","fd_013_2.jpg"
"fd_034_1.jpg","fd_034_2.jpg"
"fd_140_1.jpg","fd_140_2.jpg"
"fd_211_1.jpg","fd_211_2.jpg"
"fd_017_1.jpg","fd_017_2.jpg"
"fd_001_1.jpg","fd_001_2.jpg"
"fd_082_1.jpg","fd_082_2.jpg"
"fd_134_1.jpg","fd_134_2.jpg"
"fd_217_1.jpg","fd_217_2.jpg"
"fd_126_1.jpg","fd_126_2.jpg"
"fd_086_1.jpg","fd_086_2.jpg"
"fd_245_1.jpg","fd_245_2.jpg"
"fd_100_1.jpg","fd_100_2.jpg"
"fd_127_1.jpg","fd_127_2.jpg"
"fd_200_1.jpg","fd_200_2.jpg"
"fd_063_1.jpg","fd_214_2.jpg"
"fd_012_1.jpg","fd_037_2.jpg"
"fd_059_1.jpg","fd_126_2.jpg"
"fd_123_1.jpg","fd_184_2.jpg"
"fd_093_1.jpg","fd_190_2.jpg"
"fd_093_1.jpg","fd_018_2.jpg"
"fd_084_1.jpg","fd_013_2.jpg"
"fd_084_1.jpg","fd_093_2.jpg"
"fd_127_1.jpg","fd_082_2.jpg"
"fd_037_1.jpg","fd_020_2.jpg"
"fd_065_1.jpg","fd_073_2.jpg"
"fd_001_1.jpg","fd_190_2.jpg"
"fd_012_1.jpg","fd_184_2.jpg"
"fd_214_1.jpg","fd_086_2.jpg"
"fd_197_1.jpg","fd_189_2.jpg"
"fd_123_1.jpg","fd_200_2.jpg"
"fd_245_1.jpg","fd_184_2.jpg"
"fd_239_1.jpg","fd_211_2.jpg"
"fd_234_1.jpg","fd_012_2.jpg"
"fd_005_1.jpg","fd_012_2.jpg"
"fd_214_1.jpg","fd_063_2.jpg"
"fd_017_1.jpg","fd_093_2.jpg"
"fd_012_1.jpg","fd_126_2.jpg"
"fd_211_1.jpg","fd_086_2.jpg"
"fd_140_1.jpg","fd_187_2.jpg"
"fd_059_1.jpg","fd_084_2.jpg"
"fd_184_1.jpg","fd_211_2.jpg"
"fd_211_1.jpg","fd_089_2.jpg"
"fd_001_1.jpg","fd_123_2.jpg"
"fd_045_1.jpg","fd_184_2.jpg"
"fd_100_1.jpg","fd_211_2.jpg"
"fd_034_1.jpg","fd_217_2.jpg"
"fd_200_1.jpg","fd_084_2.jpg"
"fd_062_1.jpg","fd_017_2.jpg"
"fd_214_1.jpg","fd_224_2.jpg"
"fd_045_1.jpg","fd_234_2.jpg"
"fd_222_1.jpg","fd_214_2.jpg"
"fd_017_1.jpg","fd_197_2.jpg"
"fd_041_1.jpg","fd_086_2.jpg"
"fd_012_1.jpg","fd_020_2.jpg"
"fd_005_1.jpg","fd_239_2.jpg"
"fd_037_1.jpg","fd_041_2.jpg"
"fd_210_1.jpg","fd_197_2.jpg"
"fd_190_1.jpg","fd_245_2.jpg"
"fd_232_1.jpg","fd_184_2.jpg"
"fd_234_1.jpg","fd_009_2.jpg"
"fd_143_1.jpg","fd_005_2.jpg"
"fd_089_1.jpg","fd_100_2.jpg"
"fd_041_1.jpg","fd_123_2.jpg"
"fd_224_1.jpg","fd_017_2.jpg"
