"ms_240_1.jpg","ms_240_2.jpg"
"ms_024_1.jpg","ms_024_2.jpg"
"ms_220_1.jpg","ms_220_2.jpg"
"ms_092_1.jpg","ms_092_2.jpg"
"ms_155_1.jpg","ms_155_2.jpg"
"ms_124_1.jpg","ms_124_2.jpg"
"ms_031_1.jpg","ms_031_2.jpg"
"ms_162_1.jpg","ms_162_2.jpg"
"ms_163_1.jpg","ms_163_2.jpg"
"ms_008_1.jpg","ms_008_2.jpg"
"ms_042_1.jpg","ms_042_2.jpg"
"ms_153_1.jpg","ms_153_2.jpg"
"ms_159_1.jpg","ms_159_2.jpg"
"ms_208_1.jpg","ms_208_2.jpg"
"ms_152_1.jpg","ms_152_2.jpg"
"ms_242_1.jpg","ms_242_2.jpg"
"ms_193_1.jpg","ms_193_2.jpg"
"ms_120_1.jpg","ms_120_2.jpg"
"ms_166_1.jpg","ms_166_2.jpg"
"ms_021_1.jpg","ms_021_2.jpg"
"ms_118_1.jpg","ms_118_2.jpg"
"ms_099_1.jpg","ms_099_2.jpg"
"ms_194_1.jpg","ms_194_2.jpg"
"ms_171_1.jpg","ms_171_2.jpg"
"ms_158_1.jpg","ms_158_2.jpg"
"ms_207_1.jpg","ms_207_2.jpg"
"ms_181_1.jpg","ms_181_2.jpg"
"ms_145_1.jpg","ms_145_2.jpg"
"ms_091_1.jpg","ms_091_2.jpg"
"ms_221_1.jpg","ms_221_2.jpg"
"ms_025_1.jpg","ms_025_2.jpg"
"ms_055_1.jpg","ms_055_2.jpg"
"ms_175_1.jpg","ms_175_2.jpg"
"ms_229_1.jpg","ms_229_2.jpg"
"ms_213_1.jpg","ms_213_2.jpg"
"ms_228_1.jpg","ms_228_2.jpg"
"ms_199_1.jpg","ms_199_2.jpg"
"ms_085_1.jpg","ms_085_2.jpg"
"ms_198_1.jpg","ms_198_2.jpg"
"ms_015_1.jpg","ms_015_2.jpg"
"ms_050_1.jpg","ms_050_2.jpg"
"ms_164_1.jpg","ms_164_2.jpg"
"ms_196_1.jpg","ms_196_2.jpg"
"ms_230_1.jpg","ms_230_2.jpg"
"ms_051_1.jpg","ms_051_2.jpg"
"ms_027_1.jpg","ms_027_2.jpg"
"ms_248_1.jpg","ms_248_2.jpg"
"ms_030_1.jpg","ms_030_2.jpg"
"ms_094_1.jpg","ms_094_2.jpg"
"ms_039_1.jpg","ms_039_2.jpg"
"ms_166_1.jpg","ms_240_2.jpg"
"ms_118_1.jpg","ms_085_2.jpg"
"ms_015_1.jpg","ms_027_2.jpg"
"ms_196_1.jpg","ms_166_2.jpg"
"ms_055_1.jpg","ms_199_2.jpg"
"ms_008_1.jpg","ms_027_2.jpg"
"ms_091_1.jpg","ms_055_2.jpg"
"ms_153_1.jpg","ms_145_2.jpg"
"ms_248_1.jpg","ms_193_2.jpg"
"ms_175_1.jpg","ms_021_2.jpg"
"ms_055_1.jpg","ms_213_2.jpg"
"ms_175_1.jpg","ms_164_2.jpg"
"ms_166_1.jpg","ms_099_2.jpg"
"ms_228_1.jpg","ms_207_2.jpg"
"ms_198_1.jpg","ms_158_2.jpg"
"ms_008_1.jpg","ms_228_2.jpg"
"ms_039_1.jpg","ms_050_2.jpg"
"ms_228_1.jpg","ms_158_2.jpg"
"ms_124_1.jpg","ms_229_2.jpg"
"ms_166_1.jpg","ms_162_2.jpg"
"ms_091_1.jpg","ms_164_2.jpg"
"ms_229_1.jpg","ms_039_2.jpg"
"ms_094_1.jpg","ms_220_2.jpg"
"ms_166_1.jpg","ms_145_2.jpg"
"ms_208_1.jpg","ms_221_2.jpg"
"ms_220_1.jpg","ms_091_2.jpg"
"ms_228_1.jpg","ms_094_2.jpg"
"ms_099_1.jpg","ms_055_2.jpg"
"ms_050_1.jpg","ms_155_2.jpg"
"ms_025_1.jpg","ms_159_2.jpg"
"ms_230_1.jpg","ms_207_2.jpg"
"ms_199_1.jpg","ms_099_2.jpg"
"ms_094_1.jpg","ms_092_2.jpg"
"ms_145_1.jpg","ms_152_2.jpg"
"ms_196_1.jpg","ms_193_2.jpg"
"ms_213_1.jpg","ms_220_2.jpg"
"ms_120_1.jpg","ms_158_2.jpg"
"ms_099_1.jpg","ms_091_2.jpg"
"ms_025_1.jpg","ms_124_2.jpg"
"ms_051_1.jpg","ms_085_2.jpg"
"ms_229_1.jpg","ms_042_2.jpg"
"ms_208_1.jpg","ms_055_2.jpg"
"ms_181_1.jpg","ms_220_2.jpg"
"ms_155_1.jpg","ms_208_2.jpg"
"ms_118_1.jpg","ms_171_2.jpg"
"ms_027_1.jpg","ms_221_2.jpg"
"ms_193_1.jpg","ms_171_2.jpg"
"ms_221_1.jpg","ms_163_2.jpg"
"ms_164_1.jpg","ms_030_2.jpg"
"ms_221_1.jpg","ms_024_2.jpg"
"ms_026_1.jpg","ms_026_2.jpg"
"ms_146_1.jpg","ms_146_2.jpg"
"ms_111_1.jpg","ms_111_2.jpg"
"ms_142_1.jpg","ms_142_2.jpg"
"ms_131_1.jpg","ms_131_2.jpg"
"ms_106_1.jpg","ms_106_2.jpg"
"ms_002_1.jpg","ms_002_2.jpg"
"ms_191_1.jpg","ms_191_2.jpg"
"ms_188_1.jpg","ms_188_2.jpg"
"ms_215_1.jpg","ms_215_2.jpg"
"ms_192_1.jpg","ms_192_2.jpg"
"ms_088_1.jpg","ms_088_2.jpg"
"ms_186_1.jpg","ms_186_2.jpg"
"ms_212_1.jpg","ms_212_2.jpg"
"ms_138_1.jpg","ms_138_2.jpg"
"ms_087_1.jpg","ms_087_2.jpg"
"ms_029_1.jpg","ms_029_2.jpg"
"ms_185_1.jpg","ms_185_2.jpg"
"ms_097_1.jpg","ms_097_2.jpg"
"ms_068_1.jpg","ms_068_2.jpg"
"ms_241_1.jpg","ms_241_2.jpg"
"ms_095_1.jpg","ms_095_2.jpg"
"ms_053_1.jpg","ms_053_2.jpg"
"ms_049_1.jpg","ms_049_2.jpg"
"ms_122_1.jpg","ms_122_2.jpg"
"ms_072_1.jpg","ms_072_2.jpg"
"ms_154_1.jpg","ms_154_2.jpg"
"ms_203_1.jpg","ms_203_2.jpg"
"ms_133_1.jpg","ms_133_2.jpg"
"ms_104_1.jpg","ms_104_2.jpg"
"ms_202_1.jpg","ms_202_2.jpg"
"ms_069_1.jpg","ms_069_2.jpg"
"ms_067_1.jpg","ms_067_2.jpg"
"ms_227_1.jpg","ms_227_2.jpg"
"ms_022_1.jpg","ms_022_2.jpg"
"ms_174_1.jpg","ms_174_2.jpg"
"ms_204_1.jpg","ms_204_2.jpg"
"ms_167_1.jpg","ms_167_2.jpg"
"ms_075_1.jpg","ms_075_2.jpg"
"ms_149_1.jpg","ms_149_2.jpg"
"ms_057_1.jpg","ms_057_2.jpg"
"ms_044_1.jpg","ms_044_2.jpg"
"ms_112_1.jpg","ms_112_2.jpg"
"ms_156_1.jpg","ms_156_2.jpg"
"ms_205_1.jpg","ms_205_2.jpg"
"ms_247_1.jpg","ms_247_2.jpg"
"ms_016_1.jpg","ms_016_2.jpg"
"ms_019_1.jpg","ms_019_2.jpg"
"ms_136_1.jpg","ms_136_2.jpg"
"ms_238_1.jpg","ms_238_2.jpg"
"ms_057_1.jpg","ms_202_2.jpg"
"ms_174_1.jpg","ms_131_2.jpg"
"ms_095_1.jpg","ms_097_2.jpg"
"ms_188_1.jpg","ms_044_2.jpg"
"ms_044_1.jpg","ms_053_2.jpg"
"ms_019_1.jpg","ms_191_2.jpg"
"ms_156_1.jpg","ms_075_2.jpg"
"ms_053_1.jpg","ms_069_2.jpg"
"ms_019_1.jpg","ms_067_2.jpg"
"ms_186_1.jpg","ms_185_2.jpg"
"ms_215_1.jpg","ms_122_2.jpg"
"ms_241_1.jpg","ms_049_2.jpg"
"ms_202_1.jpg","ms_142_2.jpg"
"ms_087_1.jpg","ms_202_2.jpg"
"ms_188_1.jpg","ms_069_2.jpg"
"ms_186_1.jpg","ms_104_2.jpg"
"ms_203_1.jpg","ms_019_2.jpg"
"ms_185_1.jpg","ms_241_2.jpg"
"ms_087_1.jpg","ms_241_2.jpg"
"ms_138_1.jpg","ms_068_2.jpg"
"ms_072_1.jpg","ms_204_2.jpg"
"ms_087_1.jpg","ms_106_2.jpg"
"ms_026_1.jpg","ms_227_2.jpg"
"ms_204_1.jpg","ms_138_2.jpg"
"ms_212_1.jpg","ms_174_2.jpg"
"ms_149_1.jpg","ms_238_2.jpg"
"ms_049_1.jpg","ms_247_2.jpg"
"ms_053_1.jpg","ms_057_2.jpg"
"ms_044_1.jpg","ms_188_2.jpg"
"ms_068_1.jpg","ms_154_2.jpg"
"ms_174_1.jpg","ms_133_2.jpg"
"ms_131_1.jpg","ms_053_2.jpg"
"ms_097_1.jpg","ms_087_2.jpg"
"ms_112_1.jpg","ms_167_2.jpg"
"ms_019_1.jpg","ms_203_2.jpg"
"ms_026_1.jpg","ms_104_2.jpg"
"ms_057_1.jpg","ms_136_2.jpg"
"ms_088_1.jpg","ms_174_2.jpg"
"ms_154_1.jpg","ms_016_2.jpg"
"ms_174_1.jpg","ms_088_2.jpg"
"ms_053_1.jpg","ms_188_2.jpg"
"ms_136_1.jpg","ms_185_2.jpg"
"ms_111_1.jpg","ms_167_2.jpg"
"ms_205_1.jpg","ms_138_2.jpg"
"ms_186_1.jpg","ms_016_2.jpg"
"ms_002_1.jpg","ms_019_2.jpg"
"ms_174_1.jpg","ms_112_2.jpg"
"ms_192_1.jpg","ms_053_2.jpg"
"ms_131_1.jpg","ms_112_2.jpg"
"ms_133_1.jpg","ms_087_2.jpg"
"ms_121_1.jpg","ms_121_2.jpg"
"ms_036_1.jpg","ms_036_2.jpg"
"ms_231_1.jpg","ms_231_2.jpg"
"ms_102_1.jpg","ms_102_2.jpg"
"ms_048_1.jpg","ms_048_2.jpg"
"ms_223_1.jpg","ms_223_2.jpg"
"ms_105_1.jpg","ms_105_2.jpg"
"ms_129_1.jpg","ms_129_2.jpg"
"ms_201_1.jpg","ms_201_2.jpg"
"ms_139_1.jpg","ms_139_2.jpg"
"ms_173_1.jpg","ms_173_2.jpg"
"ms_010_1.jpg","ms_010_2.jpg"
"ms_078_1.jpg","ms_078_2.jpg"
"ms_033_1.jpg","ms_033_2.jpg"
"ms_237_1.jpg","ms_237_2.jpg"
"ms_182_1.jpg","ms_182_2.jpg"
"ms_151_1.jpg","ms_151_2.jpg"
"ms_172_1.jpg","ms_172_2.jpg"
"ms_007_1.jpg","ms_007_2.jpg"
"ms_236_1.jpg","ms_236_2.jpg"
"ms_209_1.jpg","ms_209_2.jpg"
"ms_235_1.jpg","ms_235_2.jpg"
"ms_115_1.jpg","ms_115_2.jpg"
"ms_035_1.jpg","ms_035_2.jpg"
"ms_098_1.jpg","ms_098_2.jpg"
"ms_179_1.jpg","ms_179_2.jpg"
"ms_004_1.jpg","ms_004_2.jpg"
"ms_233_1.jpg","ms_233_2.jpg"
"ms_061_1.jpg","ms_061_2.jpg"
"ms_130_1.jpg","ms_130_2.jpg"
"ms_046_1.jpg","ms_046_2.jpg"
"ms_103_1.jpg","ms_103_2.jpg"
"ms_083_1.jpg","ms_083_2.jpg"
"ms_038_1.jpg","ms_038_2.jpg"
"ms_109_1.jpg","ms_109_2.jpg"
"ms_070_1.jpg","ms_070_2.jpg"
"ms_054_1.jpg","ms_054_2.jpg"
"ms_077_1.jpg","ms_077_2.jpg"
"ms_246_1.jpg","ms_246_2.jpg"
"ms_180_1.jpg","ms_180_2.jpg"
"ms_116_1.jpg","ms_116_2.jpg"
"ms_074_1.jpg","ms_074_2.jpg"
"ms_150_1.jpg","ms_150_2.jpg"
"ms_107_1.jpg","ms_107_2.jpg"
"ms_101_1.jpg","ms_101_2.jpg"
"ms_165_1.jpg","ms_165_2.jpg"
"ms_206_1.jpg","ms_206_2.jpg"
"ms_060_1.jpg","ms_060_2.jpg"
"ms_119_1.jpg","ms_119_2.jpg"
"ms_028_1.jpg","ms_028_2.jpg"
"ms_007_1.jpg","ms_107_2.jpg"
"ms_007_1.jpg","ms_102_2.jpg"
"ms_139_1.jpg","ms_231_2.jpg"
"ms_061_1.jpg","ms_105_2.jpg"
"ms_004_1.jpg","ms_223_2.jpg"
"ms_246_1.jpg","ms_007_2.jpg"
"ms_074_1.jpg","ms_231_2.jpg"
"ms_130_1.jpg","ms_060_2.jpg"
"ms_237_1.jpg","ms_101_2.jpg"
"ms_010_1.jpg","ms_206_2.jpg"
"ms_102_1.jpg","ms_033_2.jpg"
"ms_028_1.jpg","ms_173_2.jpg"
"ms_098_1.jpg","ms_237_2.jpg"
"ms_038_1.jpg","ms_060_2.jpg"
"ms_246_1.jpg","ms_038_2.jpg"
"ms_121_1.jpg","ms_237_2.jpg"
"ms_116_1.jpg","ms_028_2.jpg"
"ms_121_1.jpg","ms_116_2.jpg"
"ms_103_1.jpg","ms_061_2.jpg"
"ms_078_1.jpg","ms_074_2.jpg"
"ms_033_1.jpg","ms_077_2.jpg"
"ms_083_1.jpg","ms_173_2.jpg"
"ms_083_1.jpg","ms_139_2.jpg"
"ms_103_1.jpg","ms_201_2.jpg"
"ms_004_1.jpg","ms_103_2.jpg"
"ms_107_1.jpg","ms_121_2.jpg"
"ms_182_1.jpg","ms_246_2.jpg"
"ms_182_1.jpg","ms_206_2.jpg"
"ms_038_1.jpg","ms_102_2.jpg"
"ms_102_1.jpg","ms_121_2.jpg"
"ms_010_1.jpg","ms_179_2.jpg"
"ms_115_1.jpg","ms_070_2.jpg"
"ms_130_1.jpg","ms_179_2.jpg"
"ms_102_1.jpg","ms_139_2.jpg"
"ms_007_1.jpg","ms_033_2.jpg"
"ms_246_1.jpg","ms_182_2.jpg"
"ms_103_1.jpg","ms_028_2.jpg"
"ms_179_1.jpg","ms_060_2.jpg"
"ms_074_1.jpg","ms_165_2.jpg"
"ms_223_1.jpg","ms_116_2.jpg"
"ms_165_1.jpg","ms_129_2.jpg"
"ms_105_1.jpg","ms_246_2.jpg"
"ms_054_1.jpg","ms_083_2.jpg"
"ms_077_1.jpg","ms_038_2.jpg"
"ms_101_1.jpg","ms_033_2.jpg"
"ms_209_1.jpg","ms_173_2.jpg"
"ms_036_1.jpg","ms_048_2.jpg"
"ms_150_1.jpg","ms_172_2.jpg"
"ms_035_1.jpg","ms_165_2.jpg"
"ms_010_1.jpg","ms_107_2.jpg"
"ms_003_1.jpg","ms_003_2.jpg"
"ms_147_1.jpg","ms_147_2.jpg"
"ms_161_1.jpg","ms_161_2.jpg"
"ms_160_1.jpg","ms_160_2.jpg"
"ms_011_1.jpg","ms_011_2.jpg"
"ms_080_1.jpg","ms_080_2.jpg"
"ms_249_1.jpg","ms_249_2.jpg"
"ms_144_1.jpg","ms_144_2.jpg"
"ms_148_1.jpg","ms_148_2.jpg"
"ms_168_1.jpg","ms_168_2.jpg"
"ms_110_1.jpg","ms_110_2.jpg"
"ms_195_1.jpg","ms_195_2.jpg"
"ms_132_1.jpg","ms_132_2.jpg"
"ms_064_1.jpg","ms_064_2.jpg"
"ms_216_1.jpg","ms_216_2.jpg"
"ms_244_1.jpg","ms_244_2.jpg"
"ms_066_1.jpg","ms_066_2.jpg"
"ms_096_1.jpg","ms_096_2.jpg"
"ms_218_1.jpg","ms_218_2.jpg"
"ms_040_1.jpg","ms_040_2.jpg"
"ms_176_1.jpg","ms_176_2.jpg"
"ms_114_1.jpg","ms_114_2.jpg"
"ms_043_1.jpg","ms_043_2.jpg"
"ms_052_1.jpg","ms_052_2.jpg"
"ms_157_1.jpg","ms_157_2.jpg"
"ms_141_1.jpg","ms_141_2.jpg"
"ms_226_1.jpg","ms_226_2.jpg"
"ms_170_1.jpg","ms_170_2.jpg"
"ms_243_1.jpg","ms_243_2.jpg"
"ms_079_1.jpg","ms_079_2.jpg"
"ms_056_1.jpg","ms_056_2.jpg"
"ms_177_1.jpg","ms_177_2.jpg"
"ms_076_1.jpg","ms_076_2.jpg"
"ms_047_1.jpg","ms_047_2.jpg"
"ms_183_1.jpg","ms_183_2.jpg"
"ms_169_1.jpg","ms_169_2.jpg"
"ms_135_1.jpg","ms_135_2.jpg"
"ms_071_1.jpg","ms_071_2.jpg"
"ms_178_1.jpg","ms_178_2.jpg"
"ms_250_1.jpg","ms_250_2.jpg"
"ms_225_1.jpg","ms_225_2.jpg"
"ms_090_1.jpg","ms_090_2.jpg"
"ms_014_1.jpg","ms_014_2.jpg"
"ms_137_1.jpg","ms_137_2.jpg"
"ms_032_1.jpg","ms_032_2.jpg"
"ms_108_1.jpg","ms_108_2.jpg"
"ms_006_1.jpg","ms_006_2.jpg"
"ms_125_1.jpg","ms_125_2.jpg"
"ms_113_1.jpg","ms_113_2.jpg"
"ms_128_1.jpg","ms_128_2.jpg"
"ms_076_1.jpg","ms_032_2.jpg"
"ms_157_1.jpg","ms_128_2.jpg"
"ms_218_1.jpg","ms_226_2.jpg"
"ms_168_1.jpg","ms_141_2.jpg"
"ms_114_1.jpg","ms_047_2.jpg"
"ms_047_1.jpg","ms_125_2.jpg"
"ms_168_1.jpg","ms_080_2.jpg"
"ms_243_1.jpg","ms_113_2.jpg"
"ms_147_1.jpg","ms_137_2.jpg"
"ms_147_1.jpg","ms_141_2.jpg"
"ms_168_1.jpg","ms_169_2.jpg"
"ms_132_1.jpg","ms_006_2.jpg"
"ms_249_1.jpg","ms_226_2.jpg"
"ms_032_1.jpg","ms_125_2.jpg"
"ms_066_1.jpg","ms_114_2.jpg"
"ms_052_1.jpg","ms_144_2.jpg"
"ms_249_1.jpg","ms_226_2.jpg"
"ms_135_1.jpg","ms_040_2.jpg"
"ms_096_1.jpg","ms_216_2.jpg"
"ms_137_1.jpg","ms_177_2.jpg"
"ms_132_1.jpg","ms_113_2.jpg"
"ms_076_1.jpg","ms_195_2.jpg"
"ms_249_1.jpg","ms_147_2.jpg"
"ms_064_1.jpg","ms_080_2.jpg"
"ms_160_1.jpg","ms_014_2.jpg"
"ms_168_1.jpg","ms_147_2.jpg"
"ms_135_1.jpg","ms_226_2.jpg"
"ms_064_1.jpg","ms_218_2.jpg"
"ms_003_1.jpg","ms_032_2.jpg"
"ms_137_1.jpg","ms_132_2.jpg"
"ms_243_1.jpg","ms_144_2.jpg"
"ms_079_1.jpg","ms_066_2.jpg"
"ms_076_1.jpg","ms_137_2.jpg"
"ms_243_1.jpg","ms_128_2.jpg"
"ms_250_1.jpg","ms_144_2.jpg"
"ms_090_1.jpg","ms_168_2.jpg"
"ms_178_1.jpg","ms_218_2.jpg"
"ms_056_1.jpg","ms_148_2.jpg"
"ms_003_1.jpg","ms_250_2.jpg"
"ms_141_1.jpg","ms_110_2.jpg"
"ms_161_1.jpg","ms_125_2.jpg"
"ms_144_1.jpg","ms_040_2.jpg"
"ms_244_1.jpg","ms_148_2.jpg"
"ms_032_1.jpg","ms_066_2.jpg"
"ms_135_1.jpg","ms_176_2.jpg"
"ms_040_1.jpg","ms_141_2.jpg"
"ms_148_1.jpg","ms_226_2.jpg"
"ms_076_1.jpg","ms_003_2.jpg"
"ms_183_1.jpg","ms_052_2.jpg"
"ms_011_1.jpg","ms_090_2.jpg"
"ms_012_1.jpg","ms_012_2.jpg"
"ms_117_1.jpg","ms_117_2.jpg"
"ms_081_1.jpg","ms_081_2.jpg"
"ms_189_1.jpg","ms_189_2.jpg"
"ms_023_1.jpg","ms_023_2.jpg"
"ms_234_1.jpg","ms_234_2.jpg"
"ms_065_1.jpg","ms_065_2.jpg"
"ms_222_1.jpg","ms_222_2.jpg"
"ms_009_1.jpg","ms_009_2.jpg"
"ms_063_1.jpg","ms_063_2.jpg"
"ms_045_1.jpg","ms_045_2.jpg"
"ms_041_1.jpg","ms_041_2.jpg"
"ms_073_1.jpg","ms_073_2.jpg"
"ms_143_1.jpg","ms_143_2.jpg"
"ms_197_1.jpg","ms_197_2.jpg"
"ms_037_1.jpg","ms_037_2.jpg"
"ms_059_1.jpg","ms_059_2.jpg"
"ms_232_1.jpg","ms_232_2.jpg"
"ms_058_1.jpg","ms_058_2.jpg"
"ms_187_1.jpg","ms_187_2.jpg"
"ms_210_1.jpg","ms_210_2.jpg"
"ms_219_1.jpg","ms_219_2.jpg"
"ms_214_1.jpg","ms_214_2.jpg"
"ms_123_1.jpg","ms_123_2.jpg"
"ms_089_1.jpg","ms_089_2.jpg"
"ms_084_1.jpg","ms_084_2.jpg"
"ms_224_1.jpg","ms_224_2.jpg"
"ms_005_1.jpg","ms_005_2.jpg"
"ms_184_1.jpg","ms_184_2.jpg"
"ms_020_1.jpg","ms_020_2.jpg"
"ms_093_1.jpg","ms_093_2.jpg"
"ms_062_1.jpg","ms_062_2.jpg"
"ms_239_1.jpg","ms_239_2.jpg"
"ms_190_1.jpg","ms_190_2.jpg"
"ms_018_1.jpg","ms_018_2.jpg"
"ms_013_1.jpg","ms_013_2.jpg"
"ms_034_1.jpg","ms_034_2.jpg"
"ms_140_1.jpg","ms_140_2.jpg"
"ms_211_1.jpg","ms_211_2.jpg"
"ms_017_1.jpg","ms_017_2.jpg"
"ms_001_1.jpg","ms_001_2.jpg"
"ms_082_1.jpg","ms_082_2.jpg"
"ms_134_1.jpg","ms_134_2.jpg"
"ms_217_1.jpg","ms_217_2.jpg"
"ms_126_1.jpg","ms_126_2.jpg"
"ms_086_1.jpg","ms_086_2.jpg"
"ms_245_1.jpg","ms_245_2.jpg"
"ms_100_1.jpg","ms_100_2.jpg"
"ms_127_1.jpg","ms_127_2.jpg"
"ms_200_1.jpg","ms_200_2.jpg"
"ms_063_1.jpg","ms_214_2.jpg"
"ms_012_1.jpg","ms_037_2.jpg"
"ms_059_1.jpg","ms_126_2.jpg"
"ms_123_1.jpg","ms_184_2.jpg"
"ms_093_1.jpg","ms_190_2.jpg"
"ms_093_1.jpg","ms_018_2.jpg"
"ms_084_1.jpg","ms_013_2.jpg"
"ms_084_1.jpg","ms_093_2.jpg"
"ms_127_1.jpg","ms_082_2.jpg"
"ms_037_1.jpg","ms_020_2.jpg"
"ms_065_1.jpg","ms_073_2.jpg"
"ms_001_1.jpg","ms_190_2.jpg"
"ms_012_1.jpg","ms_184_2.jpg"
"ms_214_1.jpg","ms_086_2.jpg"
"ms_197_1.jpg","ms_189_2.jpg"
"ms_123_1.jpg","ms_200_2.jpg"
"ms_245_1.jpg","ms_184_2.jpg"
"ms_239_1.jpg","ms_211_2.jpg"
"ms_234_1.jpg","ms_012_2.jpg"
"ms_005_1.jpg","ms_012_2.jpg"
"ms_214_1.jpg","ms_063_2.jpg"
"ms_017_1.jpg","ms_093_2.jpg"
"ms_012_1.jpg","ms_126_2.jpg"
"ms_211_1.jpg","ms_086_2.jpg"
"ms_140_1.jpg","ms_187_2.jpg"
"ms_059_1.jpg","ms_084_2.jpg"
"ms_184_1.jpg","ms_211_2.jpg"
"ms_211_1.jpg","ms_089_2.jpg"
"ms_001_1.jpg","ms_123_2.jpg"
"ms_045_1.jpg","ms_184_2.jpg"
"ms_100_1.jpg","ms_211_2.jpg"
"ms_034_1.jpg","ms_217_2.jpg"
"ms_200_1.jpg","ms_084_2.jpg"
"ms_062_1.jpg","ms_017_2.jpg"
"ms_214_1.jpg","ms_224_2.jpg"
"ms_045_1.jpg","ms_234_2.jpg"
"ms_222_1.jpg","ms_214_2.jpg"
"ms_017_1.jpg","ms_197_2.jpg"
"ms_041_1.jpg","ms_086_2.jpg"
"ms_012_1.jpg","ms_020_2.jpg"
"ms_005_1.jpg","ms_239_2.jpg"
"ms_037_1.jpg","ms_041_2.jpg"
"ms_210_1.jpg","ms_197_2.jpg"
"ms_190_1.jpg","ms_245_2.jpg"
"ms_232_1.jpg","ms_184_2.jpg"
"ms_234_1.jpg","ms_009_2.jpg"
"ms_143_1.jpg","ms_005_2.jpg"
"ms_089_1.jpg","ms_100_2.jpg"
"ms_041_1.jpg","ms_123_2.jpg"
"ms_224_1.jpg","ms_017_2.jpg"
