"fs_240_1.jpg","fs_240_2.jpg"
"fs_024_1.jpg","fs_024_2.jpg"
"fs_220_1.jpg","fs_220_2.jpg"
"fs_092_1.jpg","fs_092_2.jpg"
"fs_155_1.jpg","fs_155_2.jpg"
"fs_124_1.jpg","fs_124_2.jpg"
"fs_031_1.jpg","fs_031_2.jpg"
"fs_162_1.jpg","fs_162_2.jpg"
"fs_163_1.jpg","fs_163_2.jpg"
"fs_008_1.jpg","fs_008_2.jpg"
"fs_042_1.jpg","fs_042_2.jpg"
"fs_153_1.jpg","fs_153_2.jpg"
"fs_159_1.jpg","fs_159_2.jpg"
"fs_208_1.jpg","fs_208_2.jpg"
"fs_152_1.jpg","fs_152_2.jpg"
"fs_242_1.jpg","fs_242_2.jpg"
"fs_193_1.jpg","fs_193_2.jpg"
"fs_120_1.jpg","fs_120_2.jpg"
"fs_166_1.jpg","fs_166_2.jpg"
"fs_021_1.jpg","fs_021_2.jpg"
"fs_118_1.jpg","fs_118_2.jpg"
"fs_099_1.jpg","fs_099_2.jpg"
"fs_194_1.jpg","fs_194_2.jpg"
"fs_171_1.jpg","fs_171_2.jpg"
"fs_158_1.jpg","fs_158_2.jpg"
"fs_207_1.jpg","fs_207_2.jpg"
"fs_181_1.jpg","fs_181_2.jpg"
"fs_145_1.jpg","fs_145_2.jpg"
"fs_091_1.jpg","fs_091_2.jpg"
"fs_221_1.jpg","fs_221_2.jpg"
"fs_025_1.jpg","fs_025_2.jpg"
"fs_055_1.jpg","fs_055_2.jpg"
"fs_175_1.jpg","fs_175_2.jpg"
"fs_229_1.jpg","fs_229_2.jpg"
"fs_213_1.jpg","fs_213_2.jpg"
"fs_228_1.jpg","fs_228_2.jpg"
"fs_199_1.jpg","fs_199_2.jpg"
"fs_085_1.jpg","fs_085_2.jpg"
"fs_198_1.jpg","fs_198_2.jpg"
"fs_015_1.jpg","fs_015_2.jpg"
"fs_050_1.jpg","fs_050_2.jpg"
"fs_164_1.jpg","fs_164_2.jpg"
"fs_196_1.jpg","fs_196_2.jpg"
"fs_230_1.jpg","fs_230_2.jpg"
"fs_051_1.jpg","fs_051_2.jpg"
"fs_027_1.jpg","fs_027_2.jpg"
"fs_248_1.jpg","fs_248_2.jpg"
"fs_030_1.jpg","fs_030_2.jpg"
"fs_094_1.jpg","fs_094_2.jpg"
"fs_039_1.jpg","fs_039_2.jpg"
"fs_166_1.jpg","fs_240_2.jpg"
"fs_118_1.jpg","fs_085_2.jpg"
"fs_015_1.jpg","fs_027_2.jpg"
"fs_196_1.jpg","fs_166_2.jpg"
"fs_055_1.jpg","fs_199_2.jpg"
"fs_008_1.jpg","fs_027_2.jpg"
"fs_091_1.jpg","fs_055_2.jpg"
"fs_153_1.jpg","fs_145_2.jpg"
"fs_248_1.jpg","fs_193_2.jpg"
"fs_175_1.jpg","fs_021_2.jpg"
"fs_055_1.jpg","fs_213_2.jpg"
"fs_175_1.jpg","fs_164_2.jpg"
"fs_166_1.jpg","fs_099_2.jpg"
"fs_228_1.jpg","fs_207_2.jpg"
"fs_198_1.jpg","fs_158_2.jpg"
"fs_008_1.jpg","fs_228_2.jpg"
"fs_039_1.jpg","fs_050_2.jpg"
"fs_228_1.jpg","fs_158_2.jpg"
"fs_124_1.jpg","fs_229_2.jpg"
"fs_166_1.jpg","fs_162_2.jpg"
"fs_091_1.jpg","fs_164_2.jpg"
"fs_229_1.jpg","fs_039_2.jpg"
"fs_094_1.jpg","fs_220_2.jpg"
"fs_166_1.jpg","fs_145_2.jpg"
"fs_208_1.jpg","fs_221_2.jpg"
"fs_220_1.jpg","fs_091_2.jpg"
"fs_228_1.jpg","fs_094_2.jpg"
"fs_099_1.jpg","fs_055_2.jpg"
"fs_050_1.jpg","fs_155_2.jpg"
"fs_025_1.jpg","fs_159_2.jpg"
"fs_230_1.jpg","fs_207_2.jpg"
"fs_199_1.jpg","fs_099_2.jpg"
"fs_094_1.jpg","fs_092_2.jpg"
"fs_145_1.jpg","fs_152_2.jpg"
"fs_196_1.jpg","fs_193_2.jpg"
"fs_213_1.jpg","fs_220_2.jpg"
"fs_120_1.jpg","fs_158_2.jpg"
"fs_099_1.jpg","fs_091_2.jpg"
"fs_025_1.jpg","fs_124_2.jpg"
"fs_051_1.jpg","fs_085_2.jpg"
"fs_229_1.jpg","fs_042_2.jpg"
"fs_208_1.jpg","fs_055_2.jpg"
"fs_181_1.jpg","fs_220_2.jpg"
"fs_155_1.jpg","fs_208_2.jpg"
"fs_118_1.jpg","fs_171_2.jpg"
"fs_027_1.jpg","fs_221_2.jpg"
"fs_193_1.jpg","fs_171_2.jpg"
"fs_221_1.jpg","fs_163_2.jpg"
"fs_164_1.jpg","fs_030_2.jpg"
"fs_221_1.jpg","fs_024_2.jpg"
"fs_026_1.jpg","fs_026_2.jpg"
"fs_146_1.jpg","fs_146_2.jpg"
"fs_111_1.jpg","fs_111_2.jpg"
"fs_142_1.jpg","fs_142_2.jpg"
"fs_131_1.jpg","fs_131_2.jpg"
"fs_106_1.jpg","fs_106_2.jpg"
"fs_002_1.jpg","fs_002_2.jpg"
"fs_191_1.jpg","fs_191_2.jpg"
"fs_188_1.jpg","fs_188_2.jpg"
"fs_215_1.jpg","fs_215_2.jpg"
"fs_192_1.jpg","fs_192_2.jpg"
"fs_088_1.jpg","fs_088_2.jpg"
"fs_186_1.jpg","fs_186_2.jpg"
"fs_212_1.jpg","fs_212_2.jpg"
"fs_138_1.jpg","fs_138_2.jpg"
"fs_087_1.jpg","fs_087_2.jpg"
"fs_029_1.jpg","fs_029_2.jpg"
"fs_185_1.jpg","fs_185_2.jpg"
"fs_097_1.jpg","fs_097_2.jpg"
"fs_068_1.jpg","fs_068_2.jpg"
"fs_241_1.jpg","fs_241_2.jpg"
"fs_095_1.jpg","fs_095_2.jpg"
"fs_053_1.jpg","fs_053_2.jpg"
"fs_049_1.jpg","fs_049_2.jpg"
"fs_122_1.jpg","fs_122_2.jpg"
"fs_072_1.jpg","fs_072_2.jpg"
"fs_154_1.jpg","fs_154_2.jpg"
"fs_203_1.jpg","fs_203_2.jpg"
"fs_133_1.jpg","fs_133_2.jpg"
"fs_104_1.jpg","fs_104_2.jpg"
"fs_202_1.jpg","fs_202_2.jpg"
"fs_069_1.jpg","fs_069_2.jpg"
"fs_067_1.jpg","fs_067_2.jpg"
"fs_227_1.jpg","fs_227_2.jpg"
"fs_022_1.jpg","fs_022_2.jpg"
"fs_174_1.jpg","fs_174_2.jpg"
"fs_204_1.jpg","fs_204_2.jpg"
"fs_167_1.jpg","fs_167_2.jpg"
"fs_075_1.jpg","fs_075_2.jpg"
"fs_149_1.jpg","fs_149_2.jpg"
"fs_057_1.jpg","fs_057_2.jpg"
"fs_044_1.jpg","fs_044_2.jpg"
"fs_112_1.jpg","fs_112_2.jpg"
"fs_156_1.jpg","fs_156_2.jpg"
"fs_205_1.jpg","fs_205_2.jpg"
"fs_247_1.jpg","fs_247_2.jpg"
"fs_016_1.jpg","fs_016_2.jpg"
"fs_019_1.jpg","fs_019_2.jpg"
"fs_136_1.jpg","fs_136_2.jpg"
"fs_238_1.jpg","fs_238_2.jpg"
"fs_057_1.jpg","fs_202_2.jpg"
"fs_174_1.jpg","fs_131_2.jpg"
"fs_095_1.jpg","fs_097_2.jpg"
"fs_188_1.jpg","fs_044_2.jpg"
"fs_044_1.jpg","fs_053_2.jpg"
"fs_019_1.jpg","fs_191_2.jpg"
"fs_156_1.jpg","fs_075_2.jpg"
"fs_053_1.jpg","fs_069_2.jpg"
"fs_019_1.jpg","fs_067_2.jpg"
"fs_186_1.jpg","fs_185_2.jpg"
"fs_215_1.jpg","fs_122_2.jpg"
"fs_241_1.jpg","fs_049_2.jpg"
"fs_202_1.jpg","fs_142_2.jpg"
"fs_087_1.jpg","fs_202_2.jpg"
"fs_188_1.jpg","fs_069_2.jpg"
"fs_186_1.jpg","fs_104_2.jpg"
"fs_203_1.jpg","fs_019_2.jpg"
"fs_185_1.jpg","fs_241_2.jpg"
"fs_087_1.jpg","fs_241_2.jpg"
"fs_138_1.jpg","fs_068_2.jpg"
"fs_072_1.jpg","fs_204_2.jpg"
"fs_087_1.jpg","fs_106_2.jpg"
"fs_026_1.jpg","fs_227_2.jpg"
"fs_204_1.jpg","fs_138_2.jpg"
"fs_212_1.jpg","fs_174_2.jpg"
"fs_149_1.jpg","fs_238_2.jpg"
"fs_049_1.jpg","fs_247_2.jpg"
"fs_053_1.jpg","fs_057_2.jpg"
"fs_044_1.jpg","fs_188_2.jpg"
"fs_068_1.jpg","fs_154_2.jpg"
"fs_174_1.jpg","fs_133_2.jpg"
"fs_131_1.jpg","fs_053_2.jpg"
"fs_097_1.jpg","fs_087_2.jpg"
"fs_112_1.jpg","fs_167_2.jpg"
"fs_019_1.jpg","fs_203_2.jpg"
"fs_026_1.jpg","fs_104_2.jpg"
"fs_057_1.jpg","fs_136_2.jpg"
"fs_088_1.jpg","fs_174_2.jpg"
"fs_154_1.jpg","fs_016_2.jpg"
"fs_174_1.jpg","fs_088_2.jpg"
"fs_053_1.jpg","fs_188_2.jpg"
"fs_136_1.jpg","fs_185_2.jpg"
"fs_111_1.jpg","fs_167_2.jpg"
"fs_205_1.jpg","fs_138_2.jpg"
"fs_186_1.jpg","fs_016_2.jpg"
"fs_002_1.jpg","fs_019_2.jpg"
"fs_174_1.jpg","fs_112_2.jpg"
"fs_192_1.jpg","fs_053_2.jpg"
"fs_131_1.jpg","fs_112_2.jpg"
"fs_133_1.jpg","fs_087_2.jpg"
"fs_121_1.jpg","fs_121_2.jpg"
"fs_036_1.jpg","fs_036_2.jpg"
"fs_231_1.jpg","fs_231_2.jpg"
"fs_102_1.jpg","fs_102_2.jpg"
"fs_048_1.jpg","fs_048_2.jpg"
"fs_223_1.jpg","fs_223_2.jpg"
"fs_105_1.jpg","fs_105_2.jpg"
"fs_129_1.jpg","fs_129_2.jpg"
"fs_201_1.jpg","fs_201_2.jpg"
"fs_139_1.jpg","fs_139_2.jpg"
"fs_173_1.jpg","fs_173_2.jpg"
"fs_010_1.jpg","fs_010_2.jpg"
"fs_078_1.jpg","fs_078_2.jpg"
"fs_033_1.jpg","fs_033_2.jpg"
"fs_237_1.jpg","fs_237_2.jpg"
"fs_182_1.jpg","fs_182_2.jpg"
"fs_151_1.jpg","fs_151_2.jpg"
"fs_172_1.jpg","fs_172_2.jpg"
"fs_007_1.jpg","fs_007_2.jpg"
"fs_236_1.jpg","fs_236_2.jpg"
"fs_209_1.jpg","fs_209_2.jpg"
"fs_235_1.jpg","fs_235_2.jpg"
"fs_115_1.jpg","fs_115_2.jpg"
"fs_035_1.jpg","fs_035_2.jpg"
"fs_098_1.jpg","fs_098_2.jpg"
"fs_179_1.jpg","fs_179_2.jpg"
"fs_004_1.jpg","fs_004_2.jpg"
"fs_233_1.jpg","fs_233_2.jpg"
"fs_061_1.jpg","fs_061_2.jpg"
"fs_130_1.jpg","fs_130_2.jpg"
"fs_046_1.jpg","fs_046_2.jpg"
"fs_103_1.jpg","fs_103_2.jpg"
"fs_083_1.jpg","fs_083_2.jpg"
"fs_038_1.jpg","fs_038_2.jpg"
"fs_109_1.jpg","fs_109_2.jpg"
"fs_070_1.jpg","fs_070_2.jpg"
"fs_054_1.jpg","fs_054_2.jpg"
"fs_077_1.jpg","fs_077_2.jpg"
"fs_246_1.jpg","fs_246_2.jpg"
"fs_180_1.jpg","fs_180_2.jpg"
"fs_116_1.jpg","fs_116_2.jpg"
"fs_074_1.jpg","fs_074_2.jpg"
"fs_150_1.jpg","fs_150_2.jpg"
"fs_107_1.jpg","fs_107_2.jpg"
"fs_101_1.jpg","fs_101_2.jpg"
"fs_165_1.jpg","fs_165_2.jpg"
"fs_206_1.jpg","fs_206_2.jpg"
"fs_060_1.jpg","fs_060_2.jpg"
"fs_119_1.jpg","fs_119_2.jpg"
"fs_028_1.jpg","fs_028_2.jpg"
"fs_007_1.jpg","fs_107_2.jpg"
"fs_007_1.jpg","fs_102_2.jpg"
"fs_139_1.jpg","fs_231_2.jpg"
"fs_061_1.jpg","fs_105_2.jpg"
"fs_004_1.jpg","fs_223_2.jpg"
"fs_246_1.jpg","fs_007_2.jpg"
"fs_074_1.jpg","fs_231_2.jpg"
"fs_130_1.jpg","fs_060_2.jpg"
"fs_237_1.jpg","fs_101_2.jpg"
"fs_010_1.jpg","fs_206_2.jpg"
"fs_102_1.jpg","fs_033_2.jpg"
"fs_028_1.jpg","fs_173_2.jpg"
"fs_098_1.jpg","fs_237_2.jpg"
"fs_038_1.jpg","fs_060_2.jpg"
"fs_246_1.jpg","fs_038_2.jpg"
"fs_121_1.jpg","fs_237_2.jpg"
"fs_116_1.jpg","fs_028_2.jpg"
"fs_121_1.jpg","fs_116_2.jpg"
"fs_103_1.jpg","fs_061_2.jpg"
"fs_078_1.jpg","fs_074_2.jpg"
"fs_033_1.jpg","fs_077_2.jpg"
"fs_083_1.jpg","fs_173_2.jpg"
"fs_083_1.jpg","fs_139_2.jpg"
"fs_103_1.jpg","fs_201_2.jpg"
"fs_004_1.jpg","fs_103_2.jpg"
"fs_107_1.jpg","fs_121_2.jpg"
"fs_182_1.jpg","fs_246_2.jpg"
"fs_182_1.jpg","fs_206_2.jpg"
"fs_038_1.jpg","fs_102_2.jpg"
"fs_102_1.jpg","fs_121_2.jpg"
"fs_010_1.jpg","fs_179_2.jpg"
"fs_115_1.jpg","fs_070_2.jpg"
"fs_130_1.jpg","fs_179_2.jpg"
"fs_102_1.jpg","fs_139_2.jpg"
"fs_007_1.jpg","fs_033_2.jpg"
"fs_246_1.jpg","fs_182_2.jpg"
"fs_103_1.jpg","fs_028_2.jpg"
"fs_179_1.jpg","fs_060_2.jpg"
"fs_074_1.jpg","fs_165_2.jpg"
"fs_223_1.jpg","fs_116_2.jpg"
"fs_165_1.jpg","fs_129_2.jpg"
"fs_105_1.jpg","fs_246_2.jpg"
"fs_054_1.jpg","fs_083_2.jpg"
"fs_077_1.jpg","fs_038_2.jpg"
"fs_101_1.jpg","fs_033_2.jpg"
"fs_209_1.jpg","fs_173_2.jpg"
"fs_036_1.jpg","fs_048_2.jpg"
"fs_150_1.jpg","fs_172_2.jpg"
"fs_035_1.jpg","fs_165_2.jpg"
"fs_010_1.jpg","fs_107_2.jpg"
"fs_003_1.jpg","fs_003_2.jpg"
"fs_147_1.jpg","fs_147_2.jpg"
"fs_161_1.jpg","fs_161_2.jpg"
"fs_160_1.jpg","fs_160_2.jpg"
"fs_011_1.jpg","fs_011_2.jpg"
"fs_080_1.jpg","fs_080_2.jpg"
"fs_249_1.jpg","fs_249_2.jpg"
"fs_144_1.jpg","fs_144_2.jpg"
"fs_148_1.jpg","fs_148_2.jpg"
"fs_168_1.jpg","fs_168_2.jpg"
"fs_110_1.jpg","fs_110_2.jpg"
"fs_195_1.jpg","fs_195_2.jpg"
"fs_132_1.jpg","fs_132_2.jpg"
"fs_064_1.jpg","fs_064_2.jpg"
"fs_216_1.jpg","fs_216_2.jpg"
"fs_244_1.jpg","fs_244_2.jpg"
"fs_066_1.jpg","fs_066_2.jpg"
"fs_096_1.jpg","fs_096_2.jpg"
"fs_218_1.jpg","fs_218_2.jpg"
"fs_040_1.jpg","fs_040_2.jpg"
"fs_176_1.jpg","fs_176_2.jpg"
"fs_114_1.jpg","fs_114_2.jpg"
"fs_043_1.jpg","fs_043_2.jpg"
"fs_052_1.jpg","fs_052_2.jpg"
"fs_157_1.jpg","fs_157_2.jpg"
"fs_141_1.jpg","fs_141_2.jpg"
"fs_226_1.jpg","fs_226_2.jpg"
"fs_170_1.jpg","fs_170_2.jpg"
"fs_243_1.jpg","fs_243_2.jpg"
"fs_079_1.jpg","fs_079_2.jpg"
"fs_056_1.jpg","fs_056_2.jpg"
"fs_177_1.jpg","fs_177_2.jpg"
"fs_076_1.jpg","fs_076_2.jpg"
"fs_047_1.jpg","fs_047_2.jpg"
"fs_183_1.jpg","fs_183_2.jpg"
"fs_169_1.jpg","fs_169_2.jpg"
"fs_135_1.jpg","fs_135_2.jpg"
"fs_071_1.jpg","fs_071_2.jpg"
"fs_178_1.jpg","fs_178_2.jpg"
"fs_250_1.jpg","fs_250_2.jpg"
"fs_225_1.jpg","fs_225_2.jpg"
"fs_090_1.jpg","fs_090_2.jpg"
"fs_014_1.jpg","fs_014_2.jpg"
"fs_137_1.jpg","fs_137_2.jpg"
"fs_032_1.jpg","fs_032_2.jpg"
"fs_108_1.jpg","fs_108_2.jpg"
"fs_006_1.jpg","fs_006_2.jpg"
"fs_125_1.jpg","fs_125_2.jpg"
"fs_113_1.jpg","fs_113_2.jpg"
"fs_128_1.jpg","fs_128_2.jpg"
"fs_076_1.jpg","fs_032_2.jpg"
"fs_157_1.jpg","fs_128_2.jpg"
"fs_218_1.jpg","fs_226_2.jpg"
"fs_168_1.jpg","fs_141_2.jpg"
"fs_114_1.jpg","fs_047_2.jpg"
"fs_047_1.jpg","fs_125_2.jpg"
"fs_168_1.jpg","fs_080_2.jpg"
"fs_243_1.jpg","fs_113_2.jpg"
"fs_147_1.jpg","fs_137_2.jpg"
"fs_147_1.jpg","fs_141_2.jpg"
"fs_168_1.jpg","fs_169_2.jpg"
"fs_132_1.jpg","fs_006_2.jpg"
"fs_249_1.jpg","fs_226_2.jpg"
"fs_032_1.jpg","fs_125_2.jpg"
"fs_066_1.jpg","fs_114_2.jpg"
"fs_052_1.jpg","fs_144_2.jpg"
"fs_249_1.jpg","fs_226_2.jpg"
"fs_135_1.jpg","fs_040_2.jpg"
"fs_096_1.jpg","fs_216_2.jpg"
"fs_137_1.jpg","fs_177_2.jpg"
"fs_132_1.jpg","fs_113_2.jpg"
"fs_076_1.jpg","fs_195_2.jpg"
"fs_249_1.jpg","fs_147_2.jpg"
"fs_064_1.jpg","fs_080_2.jpg"
"fs_160_1.jpg","fs_014_2.jpg"
"fs_168_1.jpg","fs_147_2.jpg"
"fs_135_1.jpg","fs_226_2.jpg"
"fs_064_1.jpg","fs_218_2.jpg"
"fs_003_1.jpg","fs_032_2.jpg"
"fs_137_1.jpg","fs_132_2.jpg"
"fs_243_1.jpg","fs_144_2.jpg"
"fs_079_1.jpg","fs_066_2.jpg"
"fs_076_1.jpg","fs_137_2.jpg"
"fs_243_1.jpg","fs_128_2.jpg"
"fs_250_1.jpg","fs_144_2.jpg"
"fs_090_1.jpg","fs_168_2.jpg"
"fs_178_1.jpg","fs_218_2.jpg"
"fs_056_1.jpg","fs_148_2.jpg"
"fs_003_1.jpg","fs_250_2.jpg"
"fs_141_1.jpg","fs_110_2.jpg"
"fs_161_1.jpg","fs_125_2.jpg"
"fs_144_1.jpg","fs_040_2.jpg"
"fs_244_1.jpg","fs_148_2.jpg"
"fs_032_1.jpg","fs_066_2.jpg"
"fs_135_1.jpg","fs_176_2.jpg"
"fs_040_1.jpg","fs_141_2.jpg"
"fs_148_1.jpg","fs_226_2.jpg"
"fs_076_1.jpg","fs_003_2.jpg"
"fs_183_1.jpg","fs_052_2.jpg"
"fs_011_1.jpg","fs_090_2.jpg"
"fs_012_1.jpg","fs_012_2.jpg"
"fs_117_1.jpg","fs_117_2.jpg"
"fs_081_1.jpg","fs_081_2.jpg"
"fs_189_1.jpg","fs_189_2.jpg"
"fs_023_1.jpg","fs_023_2.jpg"
"fs_234_1.jpg","fs_234_2.jpg"
"fs_065_1.jpg","fs_065_2.jpg"
"fs_222_1.jpg","fs_222_2.jpg"
"fs_009_1.jpg","fs_009_2.jpg"
"fs_063_1.jpg","fs_063_2.jpg"
"fs_045_1.jpg","fs_045_2.jpg"
"fs_041_1.jpg","fs_041_2.jpg"
"fs_073_1.jpg","fs_073_2.jpg"
"fs_143_1.jpg","fs_143_2.jpg"
"fs_197_1.jpg","fs_197_2.jpg"
"fs_037_1.jpg","fs_037_2.jpg"
"fs_059_1.jpg","fs_059_2.jpg"
"fs_232_1.jpg","fs_232_2.jpg"
"fs_058_1.jpg","fs_058_2.jpg"
"fs_187_1.jpg","fs_187_2.jpg"
"fs_210_1.jpg","fs_210_2.jpg"
"fs_219_1.jpg","fs_219_2.jpg"
"fs_214_1.jpg","fs_214_2.jpg"
"fs_123_1.jpg","fs_123_2.jpg"
"fs_089_1.jpg","fs_089_2.jpg"
"fs_084_1.jpg","fs_084_2.jpg"
"fs_224_1.jpg","fs_224_2.jpg"
"fs_005_1.jpg","fs_005_2.jpg"
"fs_184_1.jpg","fs_184_2.jpg"
"fs_020_1.jpg","fs_020_2.jpg"
"fs_093_1.jpg","fs_093_2.jpg"
"fs_062_1.jpg","fs_062_2.jpg"
"fs_239_1.jpg","fs_239_2.jpg"
"fs_190_1.jpg","fs_190_2.jpg"
"fs_018_1.jpg","fs_018_2.jpg"
"fs_013_1.jpg","fs_013_2.jpg"
"fs_034_1.jpg","fs_034_2.jpg"
"fs_140_1.jpg","fs_140_2.jpg"
"fs_211_1.jpg","fs_211_2.jpg"
"fs_017_1.jpg","fs_017_2.jpg"
"fs_001_1.jpg","fs_001_2.jpg"
"fs_082_1.jpg","fs_082_2.jpg"
"fs_134_1.jpg","fs_134_2.jpg"
"fs_217_1.jpg","fs_217_2.jpg"
"fs_126_1.jpg","fs_126_2.jpg"
"fs_086_1.jpg","fs_086_2.jpg"
"fs_245_1.jpg","fs_245_2.jpg"
"fs_100_1.jpg","fs_100_2.jpg"
"fs_127_1.jpg","fs_127_2.jpg"
"fs_200_1.jpg","fs_200_2.jpg"
"fs_063_1.jpg","fs_214_2.jpg"
"fs_012_1.jpg","fs_037_2.jpg"
"fs_059_1.jpg","fs_126_2.jpg"
"fs_123_1.jpg","fs_184_2.jpg"
"fs_093_1.jpg","fs_190_2.jpg"
"fs_093_1.jpg","fs_018_2.jpg"
"fs_084_1.jpg","fs_013_2.jpg"
"fs_084_1.jpg","fs_093_2.jpg"
"fs_127_1.jpg","fs_082_2.jpg"
"fs_037_1.jpg","fs_020_2.jpg"
"fs_065_1.jpg","fs_073_2.jpg"
"fs_001_1.jpg","fs_190_2.jpg"
"fs_012_1.jpg","fs_184_2.jpg"
"fs_214_1.jpg","fs_086_2.jpg"
"fs_197_1.jpg","fs_189_2.jpg"
"fs_123_1.jpg","fs_200_2.jpg"
"fs_245_1.jpg","fs_184_2.jpg"
"fs_239_1.jpg","fs_211_2.jpg"
"fs_234_1.jpg","fs_012_2.jpg"
"fs_005_1.jpg","fs_012_2.jpg"
"fs_214_1.jpg","fs_063_2.jpg"
"fs_017_1.jpg","fs_093_2.jpg"
"fs_012_1.jpg","fs_126_2.jpg"
"fs_211_1.jpg","fs_086_2.jpg"
"fs_140_1.jpg","fs_187_2.jpg"
"fs_059_1.jpg","fs_084_2.jpg"
"fs_184_1.jpg","fs_211_2.jpg"
"fs_211_1.jpg","fs_089_2.jpg"
"fs_001_1.jpg","fs_123_2.jpg"
"fs_045_1.jpg","fs_184_2.jpg"
"fs_100_1.jpg","fs_211_2.jpg"
"fs_034_1.jpg","fs_217_2.jpg"
"fs_200_1.jpg","fs_084_2.jpg"
"fs_062_1.jpg","fs_017_2.jpg"
"fs_214_1.jpg","fs_224_2.jpg"
"fs_045_1.jpg","fs_234_2.jpg"
"fs_222_1.jpg","fs_214_2.jpg"
"fs_017_1.jpg","fs_197_2.jpg"
"fs_041_1.jpg","fs_086_2.jpg"
"fs_012_1.jpg","fs_020_2.jpg"
"fs_005_1.jpg","fs_239_2.jpg"
"fs_037_1.jpg","fs_041_2.jpg"
"fs_210_1.jpg","fs_197_2.jpg"
"fs_190_1.jpg","fs_245_2.jpg"
"fs_232_1.jpg","fs_184_2.jpg"
"fs_234_1.jpg","fs_009_2.jpg"
"fs_143_1.jpg","fs_005_2.jpg"
"fs_089_1.jpg","fs_100_2.jpg"
"fs_041_1.jpg","fs_123_2.jpg"
"fs_224_1.jpg","fs_017_2.jpg"
