"md_240_1.jpg","md_240_2.jpg"
"md_024_1.jpg","md_024_2.jpg"
"md_220_1.jpg","md_220_2.jpg"
"md_092_1.jpg","md_092_2.jpg"
"md_155_1.jpg","md_155_2.jpg"
"md_124_1.jpg","md_124_2.jpg"
"md_031_1.jpg","md_031_2.jpg"
"md_162_1.jpg","md_162_2.jpg"
"md_163_1.jpg","md_163_2.jpg"
"md_008_1.jpg","md_008_2.jpg"
"md_042_1.jpg","md_042_2.jpg"
"md_153_1.jpg","md_153_2.jpg"
"md_159_1.jpg","md_159_2.jpg"
"md_208_1.jpg","md_208_2.jpg"
"md_152_1.jpg","md_152_2.jpg"
"md_242_1.jpg","md_242_2.jpg"
"md_193_1.jpg","md_193_2.jpg"
"md_120_1.jpg","md_120_2.jpg"
"md_166_1.jpg","md_166_2.jpg"
"md_021_1.jpg","md_021_2.jpg"
"md_118_1.jpg","md_118_2.jpg"
"md_099_1.jpg","md_099_2.jpg"
"md_194_1.jpg","md_194_2.jpg"
"md_171_1.jpg","md_171_2.jpg"
"md_158_1.jpg","md_158_2.jpg"
"md_207_1.jpg","md_207_2.jpg"
"md_181_1.jpg","md_181_2.jpg"
"md_145_1.jpg","md_145_2.jpg"
"md_091_1.jpg","md_091_2.jpg"
"md_221_1.jpg","md_221_2.jpg"
"md_025_1.jpg","md_025_2.jpg"
"md_055_1.jpg","md_055_2.jpg"
"md_175_1.jpg","md_175_2.jpg"
"md_229_1.jpg","md_229_2.jpg"
"md_213_1.jpg","md_213_2.jpg"
"md_228_1.jpg","md_228_2.jpg"
"md_199_1.jpg","md_199_2.jpg"
"md_085_1.jpg","md_085_2.jpg"
"md_198_1.jpg","md_198_2.jpg"
"md_015_1.jpg","md_015_2.jpg"
"md_050_1.jpg","md_050_2.jpg"
"md_164_1.jpg","md_164_2.jpg"
"md_196_1.jpg","md_196_2.jpg"
"md_230_1.jpg","md_230_2.jpg"
"md_051_1.jpg","md_051_2.jpg"
"md_027_1.jpg","md_027_2.jpg"
"md_248_1.jpg","md_248_2.jpg"
"md_030_1.jpg","md_030_2.jpg"
"md_094_1.jpg","md_094_2.jpg"
"md_039_1.jpg","md_039_2.jpg"
"md_166_1.jpg","md_240_2.jpg"
"md_118_1.jpg","md_085_2.jpg"
"md_015_1.jpg","md_027_2.jpg"
"md_196_1.jpg","md_166_2.jpg"
"md_055_1.jpg","md_199_2.jpg"
"md_008_1.jpg","md_027_2.jpg"
"md_091_1.jpg","md_055_2.jpg"
"md_153_1.jpg","md_145_2.jpg"
"md_248_1.jpg","md_193_2.jpg"
"md_175_1.jpg","md_021_2.jpg"
"md_055_1.jpg","md_213_2.jpg"
"md_175_1.jpg","md_164_2.jpg"
"md_166_1.jpg","md_099_2.jpg"
"md_228_1.jpg","md_207_2.jpg"
"md_198_1.jpg","md_158_2.jpg"
"md_008_1.jpg","md_228_2.jpg"
"md_039_1.jpg","md_050_2.jpg"
"md_228_1.jpg","md_158_2.jpg"
"md_124_1.jpg","md_229_2.jpg"
"md_166_1.jpg","md_162_2.jpg"
"md_091_1.jpg","md_164_2.jpg"
"md_229_1.jpg","md_039_2.jpg"
"md_094_1.jpg","md_220_2.jpg"
"md_166_1.jpg","md_145_2.jpg"
"md_208_1.jpg","md_221_2.jpg"
"md_220_1.jpg","md_091_2.jpg"
"md_228_1.jpg","md_094_2.jpg"
"md_099_1.jpg","md_055_2.jpg"
"md_050_1.jpg","md_155_2.jpg"
"md_025_1.jpg","md_159_2.jpg"
"md_230_1.jpg","md_207_2.jpg"
"md_199_1.jpg","md_099_2.jpg"
"md_094_1.jpg","md_092_2.jpg"
"md_145_1.jpg","md_152_2.jpg"
"md_196_1.jpg","md_193_2.jpg"
"md_213_1.jpg","md_220_2.jpg"
"md_120_1.jpg","md_158_2.jpg"
"md_099_1.jpg","md_091_2.jpg"
"md_025_1.jpg","md_124_2.jpg"
"md_051_1.jpg","md_085_2.jpg"
"md_229_1.jpg","md_042_2.jpg"
"md_208_1.jpg","md_055_2.jpg"
"md_181_1.jpg","md_220_2.jpg"
"md_155_1.jpg","md_208_2.jpg"
"md_118_1.jpg","md_171_2.jpg"
"md_027_1.jpg","md_221_2.jpg"
"md_193_1.jpg","md_171_2.jpg"
"md_221_1.jpg","md_163_2.jpg"
"md_164_1.jpg","md_030_2.jpg"
"md_221_1.jpg","md_024_2.jpg"
"md_026_1.jpg","md_026_2.jpg"
"md_146_1.jpg","md_146_2.jpg"
"md_111_1.jpg","md_111_2.jpg"
"md_142_1.jpg","md_142_2.jpg"
"md_131_1.jpg","md_131_2.jpg"
"md_106_1.jpg","md_106_2.jpg"
"md_002_1.jpg","md_002_2.jpg"
"md_191_1.jpg","md_191_2.jpg"
"md_188_1.jpg","md_188_2.jpg"
"md_215_1.jpg","md_215_2.jpg"
"md_192_1.jpg","md_192_2.jpg"
"md_088_1.jpg","md_088_2.jpg"
"md_186_1.jpg","md_186_2.jpg"
"md_212_1.jpg","md_212_2.jpg"
"md_138_1.jpg","md_138_2.jpg"
"md_087_1.jpg","md_087_2.jpg"
"md_029_1.jpg","md_029_2.jpg"
"md_185_1.jpg","md_185_2.jpg"
"md_097_1.jpg","md_097_2.jpg"
"md_068_1.jpg","md_068_2.jpg"
"md_241_1.jpg","md_241_2.jpg"
"md_095_1.jpg","md_095_2.jpg"
"md_053_1.jpg","md_053_2.jpg"
"md_049_1.jpg","md_049_2.jpg"
"md_122_1.jpg","md_122_2.jpg"
"md_072_1.jpg","md_072_2.jpg"
"md_154_1.jpg","md_154_2.jpg"
"md_203_1.jpg","md_203_2.jpg"
"md_133_1.jpg","md_133_2.jpg"
"md_104_1.jpg","md_104_2.jpg"
"md_202_1.jpg","md_202_2.jpg"
"md_069_1.jpg","md_069_2.jpg"
"md_067_1.jpg","md_067_2.jpg"
"md_227_1.jpg","md_227_2.jpg"
"md_022_1.jpg","md_022_2.jpg"
"md_174_1.jpg","md_174_2.jpg"
"md_204_1.jpg","md_204_2.jpg"
"md_167_1.jpg","md_167_2.jpg"
"md_075_1.jpg","md_075_2.jpg"
"md_149_1.jpg","md_149_2.jpg"
"md_057_1.jpg","md_057_2.jpg"
"md_044_1.jpg","md_044_2.jpg"
"md_112_1.jpg","md_112_2.jpg"
"md_156_1.jpg","md_156_2.jpg"
"md_205_1.jpg","md_205_2.jpg"
"md_247_1.jpg","md_247_2.jpg"
"md_016_1.jpg","md_016_2.jpg"
"md_019_1.jpg","md_019_2.jpg"
"md_136_1.jpg","md_136_2.jpg"
"md_238_1.jpg","md_238_2.jpg"
"md_057_1.jpg","md_202_2.jpg"
"md_174_1.jpg","md_131_2.jpg"
"md_095_1.jpg","md_097_2.jpg"
"md_188_1.jpg","md_044_2.jpg"
"md_044_1.jpg","md_053_2.jpg"
"md_019_1.jpg","md_191_2.jpg"
"md_156_1.jpg","md_075_2.jpg"
"md_053_1.jpg","md_069_2.jpg"
"md_019_1.jpg","md_067_2.jpg"
"md_186_1.jpg","md_185_2.jpg"
"md_215_1.jpg","md_122_2.jpg"
"md_241_1.jpg","md_049_2.jpg"
"md_202_1.jpg","md_142_2.jpg"
"md_087_1.jpg","md_202_2.jpg"
"md_188_1.jpg","md_069_2.jpg"
"md_186_1.jpg","md_104_2.jpg"
"md_203_1.jpg","md_019_2.jpg"
"md_185_1.jpg","md_241_2.jpg"
"md_087_1.jpg","md_241_2.jpg"
"md_138_1.jpg","md_068_2.jpg"
"md_072_1.jpg","md_204_2.jpg"
"md_087_1.jpg","md_106_2.jpg"
"md_026_1.jpg","md_227_2.jpg"
"md_204_1.jpg","md_138_2.jpg"
"md_212_1.jpg","md_174_2.jpg"
"md_149_1.jpg","md_238_2.jpg"
"md_049_1.jpg","md_247_2.jpg"
"md_053_1.jpg","md_057_2.jpg"
"md_044_1.jpg","md_188_2.jpg"
"md_068_1.jpg","md_154_2.jpg"
"md_174_1.jpg","md_133_2.jpg"
"md_131_1.jpg","md_053_2.jpg"
"md_097_1.jpg","md_087_2.jpg"
"md_112_1.jpg","md_167_2.jpg"
"md_019_1.jpg","md_203_2.jpg"
"md_026_1.jpg","md_104_2.jpg"
"md_057_1.jpg","md_136_2.jpg"
"md_088_1.jpg","md_174_2.jpg"
"md_154_1.jpg","md_016_2.jpg"
"md_174_1.jpg","md_088_2.jpg"
"md_053_1.jpg","md_188_2.jpg"
"md_136_1.jpg","md_185_2.jpg"
"md_111_1.jpg","md_167_2.jpg"
"md_205_1.jpg","md_138_2.jpg"
"md_186_1.jpg","md_016_2.jpg"
"md_002_1.jpg","md_019_2.jpg"
"md_174_1.jpg","md_112_2.jpg"
"md_192_1.jpg","md_053_2.jpg"
"md_131_1.jpg","md_112_2.jpg"
"md_133_1.jpg","md_087_2.jpg"
"md_121_1.jpg","md_121_2.jpg"
"md_036_1.jpg","md_036_2.jpg"
"md_231_1.jpg","md_231_2.jpg"
"md_102_1.jpg","md_102_2.jpg"
"md_048_1.jpg","md_048_2.jpg"
"md_223_1.jpg","md_223_2.jpg"
"md_105_1.jpg","md_105_2.jpg"
"md_129_1.jpg","md_129_2.jpg"
"md_201_1.jpg","md_201_2.jpg"
"md_139_1.jpg","md_139_2.jpg"
"md_173_1.jpg","md_173_2.jpg"
"md_010_1.jpg","md_010_2.jpg"
"md_078_1.jpg","md_078_2.jpg"
"md_033_1.jpg","md_033_2.jpg"
"md_237_1.jpg","md_237_2.jpg"
"md_182_1.jpg","md_182_2.jpg"
"md_151_1.jpg","md_151_2.jpg"
"md_172_1.jpg","md_172_2.jpg"
"md_007_1.jpg","md_007_2.jpg"
"md_236_1.jpg","md_236_2.jpg"
"md_209_1.jpg","md_209_2.jpg"
"md_235_1.jpg","md_235_2.jpg"
"md_115_1.jpg","md_115_2.jpg"
"md_035_1.jpg","md_035_2.jpg"
"md_098_1.jpg","md_098_2.jpg"
"md_179_1.jpg","md_179_2.jpg"
"md_004_1.jpg","md_004_2.jpg"
"md_233_1.jpg","md_233_2.jpg"
"md_061_1.jpg","md_061_2.jpg"
"md_130_1.jpg","md_130_2.jpg"
"md_046_1.jpg","md_046_2.jpg"
"md_103_1.jpg","md_103_2.jpg"
"md_083_1.jpg","md_083_2.jpg"
"md_038_1.jpg","md_038_2.jpg"
"md_109_1.jpg","md_109_2.jpg"
"md_070_1.jpg","md_070_2.jpg"
"md_054_1.jpg","md_054_2.jpg"
"md_077_1.jpg","md_077_2.jpg"
"md_246_1.jpg","md_246_2.jpg"
"md_180_1.jpg","md_180_2.jpg"
"md_116_1.jpg","md_116_2.jpg"
"md_074_1.jpg","md_074_2.jpg"
"md_150_1.jpg","md_150_2.jpg"
"md_107_1.jpg","md_107_2.jpg"
"md_101_1.jpg","md_101_2.jpg"
"md_165_1.jpg","md_165_2.jpg"
"md_206_1.jpg","md_206_2.jpg"
"md_060_1.jpg","md_060_2.jpg"
"md_119_1.jpg","md_119_2.jpg"
"md_028_1.jpg","md_028_2.jpg"
"md_007_1.jpg","md_107_2.jpg"
"md_007_1.jpg","md_102_2.jpg"
"md_139_1.jpg","md_231_2.jpg"
"md_061_1.jpg","md_105_2.jpg"
"md_004_1.jpg","md_223_2.jpg"
"md_246_1.jpg","md_007_2.jpg"
"md_074_1.jpg","md_231_2.jpg"
"md_130_1.jpg","md_060_2.jpg"
"md_237_1.jpg","md_101_2.jpg"
"md_010_1.jpg","md_206_2.jpg"
"md_102_1.jpg","md_033_2.jpg"
"md_028_1.jpg","md_173_2.jpg"
"md_098_1.jpg","md_237_2.jpg"
"md_038_1.jpg","md_060_2.jpg"
"md_246_1.jpg","md_038_2.jpg"
"md_121_1.jpg","md_237_2.jpg"
"md_116_1.jpg","md_028_2.jpg"
"md_121_1.jpg","md_116_2.jpg"
"md_103_1.jpg","md_061_2.jpg"
"md_078_1.jpg","md_074_2.jpg"
"md_033_1.jpg","md_077_2.jpg"
"md_083_1.jpg","md_173_2.jpg"
"md_083_1.jpg","md_139_2.jpg"
"md_103_1.jpg","md_201_2.jpg"
"md_004_1.jpg","md_103_2.jpg"
"md_107_1.jpg","md_121_2.jpg"
"md_182_1.jpg","md_246_2.jpg"
"md_182_1.jpg","md_206_2.jpg"
"md_038_1.jpg","md_102_2.jpg"
"md_102_1.jpg","md_121_2.jpg"
"md_010_1.jpg","md_179_2.jpg"
"md_115_1.jpg","md_070_2.jpg"
"md_130_1.jpg","md_179_2.jpg"
"md_102_1.jpg","md_139_2.jpg"
"md_007_1.jpg","md_033_2.jpg"
"md_246_1.jpg","md_182_2.jpg"
"md_103_1.jpg","md_028_2.jpg"
"md_179_1.jpg","md_060_2.jpg"
"md_074_1.jpg","md_165_2.jpg"
"md_223_1.jpg","md_116_2.jpg"
"md_165_1.jpg","md_129_2.jpg"
"md_105_1.jpg","md_246_2.jpg"
"md_054_1.jpg","md_083_2.jpg"
"md_077_1.jpg","md_038_2.jpg"
"md_101_1.jpg","md_033_2.jpg"
"md_209_1.jpg","md_173_2.jpg"
"md_036_1.jpg","md_048_2.jpg"
"md_150_1.jpg","md_172_2.jpg"
"md_035_1.jpg","md_165_2.jpg"
"md_010_1.jpg","md_107_2.jpg"
"md_003_1.jpg","md_003_2.jpg"
"md_147_1.jpg","md_147_2.jpg"
"md_161_1.jpg","md_161_2.jpg"
"md_160_1.jpg","md_160_2.jpg"
"md_011_1.jpg","md_011_2.jpg"
"md_080_1.jpg","md_080_2.jpg"
"md_249_1.jpg","md_249_2.jpg"
"md_144_1.jpg","md_144_2.jpg"
"md_148_1.jpg","md_148_2.jpg"
"md_168_1.jpg","md_168_2.jpg"
"md_110_1.jpg","md_110_2.jpg"
"md_195_1.jpg","md_195_2.jpg"
"md_132_1.jpg","md_132_2.jpg"
"md_064_1.jpg","md_064_2.jpg"
"md_216_1.jpg","md_216_2.jpg"
"md_244_1.jpg","md_244_2.jpg"
"md_066_1.jpg","md_066_2.jpg"
"md_096_1.jpg","md_096_2.jpg"
"md_218_1.jpg","md_218_2.jpg"
"md_040_1.jpg","md_040_2.jpg"
"md_176_1.jpg","md_176_2.jpg"
"md_114_1.jpg","md_114_2.jpg"
"md_043_1.jpg","md_043_2.jpg"
"md_052_1.jpg","md_052_2.jpg"
"md_157_1.jpg","md_157_2.jpg"
"md_141_1.jpg","md_141_2.jpg"
"md_226_1.jpg","md_226_2.jpg"
"md_170_1.jpg","md_170_2.jpg"
"md_243_1.jpg","md_243_2.jpg"
"md_079_1.jpg","md_079_2.jpg"
"md_056_1.jpg","md_056_2.jpg"
"md_177_1.jpg","md_177_2.jpg"
"md_076_1.jpg","md_076_2.jpg"
"md_047_1.jpg","md_047_2.jpg"
"md_183_1.jpg","md_183_2.jpg"
"md_169_1.jpg","md_169_2.jpg"
"md_135_1.jpg","md_135_2.jpg"
"md_071_1.jpg","md_071_2.jpg"
"md_178_1.jpg","md_178_2.jpg"
"md_250_1.jpg","md_250_2.jpg"
"md_225_1.jpg","md_225_2.jpg"
"md_090_1.jpg","md_090_2.jpg"
"md_014_1.jpg","md_014_2.jpg"
"md_137_1.jpg","md_137_2.jpg"
"md_032_1.jpg","md_032_2.jpg"
"md_108_1.jpg","md_108_2.jpg"
"md_006_1.jpg","md_006_2.jpg"
"md_125_1.jpg","md_125_2.jpg"
"md_113_1.jpg","md_113_2.jpg"
"md_128_1.jpg","md_128_2.jpg"
"md_076_1.jpg","md_032_2.jpg"
"md_157_1.jpg","md_128_2.jpg"
"md_218_1.jpg","md_226_2.jpg"
"md_168_1.jpg","md_141_2.jpg"
"md_114_1.jpg","md_047_2.jpg"
"md_047_1.jpg","md_125_2.jpg"
"md_168_1.jpg","md_080_2.jpg"
"md_243_1.jpg","md_113_2.jpg"
"md_147_1.jpg","md_137_2.jpg"
"md_147_1.jpg","md_141_2.jpg"
"md_168_1.jpg","md_169_2.jpg"
"md_132_1.jpg","md_006_2.jpg"
"md_249_1.jpg","md_226_2.jpg"
"md_032_1.jpg","md_125_2.jpg"
"md_066_1.jpg","md_114_2.jpg"
"md_052_1.jpg","md_144_2.jpg"
"md_249_1.jpg","md_226_2.jpg"
"md_135_1.jpg","md_040_2.jpg"
"md_096_1.jpg","md_216_2.jpg"
"md_137_1.jpg","md_177_2.jpg"
"md_132_1.jpg","md_113_2.jpg"
"md_076_1.jpg","md_195_2.jpg"
"md_249_1.jpg","md_147_2.jpg"
"md_064_1.jpg","md_080_2.jpg"
"md_160_1.jpg","md_014_2.jpg"
"md_168_1.jpg","md_147_2.jpg"
"md_135_1.jpg","md_226_2.jpg"
"md_064_1.jpg","md_218_2.jpg"
"md_003_1.jpg","md_032_2.jpg"
"md_137_1.jpg","md_132_2.jpg"
"md_243_1.jpg","md_144_2.jpg"
"md_079_1.jpg","md_066_2.jpg"
"md_076_1.jpg","md_137_2.jpg"
"md_243_1.jpg","md_128_2.jpg"
"md_250_1.jpg","md_144_2.jpg"
"md_090_1.jpg","md_168_2.jpg"
"md_178_1.jpg","md_218_2.jpg"
"md_056_1.jpg","md_148_2.jpg"
"md_003_1.jpg","md_250_2.jpg"
"md_141_1.jpg","md_110_2.jpg"
"md_161_1.jpg","md_125_2.jpg"
"md_144_1.jpg","md_040_2.jpg"
"md_244_1.jpg","md_148_2.jpg"
"md_032_1.jpg","md_066_2.jpg"
"md_135_1.jpg","md_176_2.jpg"
"md_040_1.jpg","md_141_2.jpg"
"md_148_1.jpg","md_226_2.jpg"
"md_076_1.jpg","md_003_2.jpg"
"md_183_1.jpg","md_052_2.jpg"
"md_011_1.jpg","md_090_2.jpg"
"md_012_1.jpg","md_012_2.jpg"
"md_117_1.jpg","md_117_2.jpg"
"md_081_1.jpg","md_081_2.jpg"
"md_189_1.jpg","md_189_2.jpg"
"md_023_1.jpg","md_023_2.jpg"
"md_234_1.jpg","md_234_2.jpg"
"md_065_1.jpg","md_065_2.jpg"
"md_222_1.jpg","md_222_2.jpg"
"md_009_1.jpg","md_009_2.jpg"
"md_063_1.jpg","md_063_2.jpg"
"md_045_1.jpg","md_045_2.jpg"
"md_041_1.jpg","md_041_2.jpg"
"md_073_1.jpg","md_073_2.jpg"
"md_143_1.jpg","md_143_2.jpg"
"md_197_1.jpg","md_197_2.jpg"
"md_037_1.jpg","md_037_2.jpg"
"md_059_1.jpg","md_059_2.jpg"
"md_232_1.jpg","md_232_2.jpg"
"md_058_1.jpg","md_058_2.jpg"
"md_187_1.jpg","md_187_2.jpg"
"md_210_1.jpg","md_210_2.jpg"
"md_219_1.jpg","md_219_2.jpg"
"md_214_1.jpg","md_214_2.jpg"
"md_123_1.jpg","md_123_2.jpg"
"md_089_1.jpg","md_089_2.jpg"
"md_084_1.jpg","md_084_2.jpg"
"md_224_1.jpg","md_224_2.jpg"
"md_005_1.jpg","md_005_2.jpg"
"md_184_1.jpg","md_184_2.jpg"
"md_020_1.jpg","md_020_2.jpg"
"md_093_1.jpg","md_093_2.jpg"
"md_062_1.jpg","md_062_2.jpg"
"md_239_1.jpg","md_239_2.jpg"
"md_190_1.jpg","md_190_2.jpg"
"md_018_1.jpg","md_018_2.jpg"
"md_013_1.jpg","md_013_2.jpg"
"md_034_1.jpg","md_034_2.jpg"
"md_140_1.jpg","md_140_2.jpg"
"md_211_1.jpg","md_211_2.jpg"
"md_017_1.jpg","md_017_2.jpg"
"md_001_1.jpg","md_001_2.jpg"
"md_082_1.jpg","md_082_2.jpg"
"md_134_1.jpg","md_134_2.jpg"
"md_217_1.jpg","md_217_2.jpg"
"md_126_1.jpg","md_126_2.jpg"
"md_086_1.jpg","md_086_2.jpg"
"md_245_1.jpg","md_245_2.jpg"
"md_100_1.jpg","md_100_2.jpg"
"md_127_1.jpg","md_127_2.jpg"
"md_200_1.jpg","md_200_2.jpg"
"md_063_1.jpg","md_214_2.jpg"
"md_012_1.jpg","md_037_2.jpg"
"md_059_1.jpg","md_126_2.jpg"
"md_123_1.jpg","md_184_2.jpg"
"md_093_1.jpg","md_190_2.jpg"
"md_093_1.jpg","md_018_2.jpg"
"md_084_1.jpg","md_013_2.jpg"
"md_084_1.jpg","md_093_2.jpg"
"md_127_1.jpg","md_082_2.jpg"
"md_037_1.jpg","md_020_2.jpg"
"md_065_1.jpg","md_073_2.jpg"
"md_001_1.jpg","md_190_2.jpg"
"md_012_1.jpg","md_184_2.jpg"
"md_214_1.jpg","md_086_2.jpg"
"md_197_1.jpg","md_189_2.jpg"
"md_123_1.jpg","md_200_2.jpg"
"md_245_1.jpg","md_184_2.jpg"
"md_239_1.jpg","md_211_2.jpg"
"md_234_1.jpg","md_012_2.jpg"
"md_005_1.jpg","md_012_2.jpg"
"md_214_1.jpg","md_063_2.jpg"
"md_017_1.jpg","md_093_2.jpg"
"md_012_1.jpg","md_126_2.jpg"
"md_211_1.jpg","md_086_2.jpg"
"md_140_1.jpg","md_187_2.jpg"
"md_059_1.jpg","md_084_2.jpg"
"md_184_1.jpg","md_211_2.jpg"
"md_211_1.jpg","md_089_2.jpg"
"md_001_1.jpg","md_123_2.jpg"
"md_045_1.jpg","md_184_2.jpg"
"md_100_1.jpg","md_211_2.jpg"
"md_034_1.jpg","md_217_2.jpg"
"md_200_1.jpg","md_084_2.jpg"
"md_062_1.jpg","md_017_2.jpg"
"md_214_1.jpg","md_224_2.jpg"
"md_045_1.jpg","md_234_2.jpg"
"md_222_1.jpg","md_214_2.jpg"
"md_017_1.jpg","md_197_2.jpg"
"md_041_1.jpg","md_086_2.jpg"
"md_012_1.jpg","md_020_2.jpg"
"md_005_1.jpg","md_239_2.jpg"
"md_037_1.jpg","md_041_2.jpg"
"md_210_1.jpg","md_197_2.jpg"
"md_190_1.jpg","md_245_2.jpg"
"md_232_1.jpg","md_184_2.jpg"
"md_234_1.jpg","md_009_2.jpg"
"md_143_1.jpg","md_005_2.jpg"
"md_089_1.jpg","md_100_2.jpg"
"md_041_1.jpg","md_123_2.jpg"
"md_224_1.jpg","md_017_2.jpg"
